Municipality,Region,year,income
Aabenraa,Southern Denmark,2008,276912.6666666667
Aalborg,North Jutland,2008,270192.3333333333
Aarhus,Central Jutland,2008,278596.3333333333
Albertslund,Capital Region,2008,284430.3333333333
Allerød,Capital Region,2008,381026.6666666667
Assens,Southern Denmark,2008,270943.0
Ballerup,Capital Region,2008,301914.6666666667
Billund,Southern Denmark,2008,288630.3333333333
Bornholm,Capital Region,2008,254110.66666666666
Brøndby,Capital Region,2008,282249.0
Brønderslev,North Jutland,2008,255727.33333333334
Copenhagen,Capital Region,2008,259291.33333333334
Dragør,Capital Region,2008,369803.0
Egedal,Capital Region,2008,357788.3333333333
Esbjerg,Southern Denmark,2008,284711.0
Faaborg-Midtfyn,Southern Denmark,2008,272463.3333333333
Fanø,Southern Denmark,2008,309466.6666666667
Favrskov,Central Jutland,2008,304961.3333333333
Faxe,Zealand Region,2008,289195.0
Fredensborg,Capital Region,2008,354032.0
Fredericia,Southern Denmark,2008,284529.0
Frederiksberg,Capital Region,2008,300337.6666666667
Frederikshavn,North Jutland,2008,269032.6666666667
Frederikssund,Capital Region,2008,314123.0
Furesø,Capital Region,2008,375850.0
Gentofte,Capital Region,2008,453256.0
Gladsaxe,Capital Region,2008,311599.3333333333
Glostrup,Capital Region,2008,297435.0
Greve,Zealand Region,2008,344906.0
Gribskov,Capital Region,2008,320581.6666666667
Guldborgsund,Zealand Region,2008,260288.66666666666
Haderslev,Southern Denmark,2008,271780.0
Halsnæs,Capital Region,2008,292179.6666666667
Hedensted,Central Jutland,2008,297722.0
Helsingør,Capital Region,2008,314940.3333333333
Herlev,Capital Region,2008,302558.0
Herning,Central Jutland,2008,284710.6666666667
Hillerød,Capital Region,2008,334218.6666666667
Hjørring,North Jutland,2008,266425.6666666667
Holbæk,Zealand Region,2008,290631.0
Holstebro,Central Jutland,2008,283184.6666666667
Horsens,Central Jutland,2008,276558.0
Hvidovre,Capital Region,2008,293764.3333333333
Høje-Taastrup,Capital Region,2008,303906.6666666667
Hørsholm,Capital Region,2008,430324.3333333333
Ikast-Brande,Central Jutland,2008,281988.3333333333
Ishøj,Capital Region,2008,284138.3333333333
Jammerbugt,North Jutland,2008,268493.6666666667
Kalundborg,Zealand Region,2008,271766.0
Kerteminde,Southern Denmark,2008,281182.6666666667
Kolding,Southern Denmark,2008,293238.6666666667
Køge,Zealand Region,2008,308532.0
Langeland,Southern Denmark,2008,244663.33333333334
Lejre,Zealand Region,2008,334285.6666666667
Lemvig,Central Jutland,2008,277657.0
Lolland,Zealand Region,2008,243941.33333333334
Lyngby-Taarbæk,Capital Region,2008,368872.3333333333
Læsø,North Jutland,2008,240512.33333333334
Mariagerfjord,North Jutland,2008,274191.0
Middelfart,Southern Denmark,2008,293550.6666666667
Morsø,North Jutland,2008,257515.66666666666
Norddjurs,Central Jutland,2008,266009.0
Nordfyns,Southern Denmark,2008,267450.6666666667
Nyborg,Southern Denmark,2008,273885.6666666667
Næstved,Zealand Region,2008,279390.0
Odder,Central Jutland,2008,297978.3333333333
Odense,Southern Denmark,2008,267845.3333333333
Odsherred,Zealand Region,2008,263726.6666666667
Randers,Central Jutland,2008,272017.3333333333
Rebild,North Jutland,2008,286149.3333333333
Ringkøbing-Skjern,Central Jutland,2008,283144.3333333333
Ringsted,Zealand Region,2008,296941.0
Roskilde,Zealand Region,2008,326286.6666666667
Rudersdal,Capital Region,2008,442003.0
Rødovre,Capital Region,2008,293814.0
Samsø,Central Jutland,2008,250194.66666666666
Silkeborg,Central Jutland,2008,301457.0
Skanderborg,Central Jutland,2008,320660.3333333333
Skive,Central Jutland,2008,270377.3333333333
Slagelse,Zealand Region,2008,272629.3333333333
Solrød,Zealand Region,2008,357586.6666666667
Sorø,Zealand Region,2008,281077.3333333333
Stevns,Zealand Region,2008,304333.3333333333
Struer,Central Jutland,2008,282849.6666666667
Svendborg,Southern Denmark,2008,281572.6666666667
Syddjurs,Central Jutland,2008,292203.0
Sønderborg,Southern Denmark,2008,273738.0
Thisted,North Jutland,2008,270489.6666666667
Tårnby,Capital Region,2008,306895.6666666667
Tønder,Southern Denmark,2008,260875.0
Vallensbæk,Capital Region,2008,340617.6666666667
Varde,Southern Denmark,2008,280359.6666666667
Vejen,Southern Denmark,2008,273476.0
Vejle,Southern Denmark,2008,297143.6666666667
Vesthimmerland,North Jutland,2008,261776.0
Viborg,Central Jutland,2008,283457.0
Vordingborg,Zealand Region,2008,261862.66666666666
Ærø,Southern Denmark,2008,257933.33333333334
Aabenraa,Southern Denmark,2009,278411.0
Aalborg,North Jutland,2009,278390.0
Aarhus,Central Jutland,2009,287127.6666666667
Albertslund,Capital Region,2009,290096.0
Allerød,Capital Region,2009,386430.3333333333
Assens,Southern Denmark,2009,283829.3333333333
Ballerup,Capital Region,2009,302961.3333333333
Billund,Southern Denmark,2009,294216.0
Bornholm,Capital Region,2009,261892.66666666666
Brøndby,Capital Region,2009,284411.6666666667
Brønderslev,North Jutland,2009,270192.3333333333
Copenhagen,Capital Region,2009,266756.3333333333
Dragør,Capital Region,2009,365777.0
Egedal,Capital Region,2009,355375.3333333333
Esbjerg,Southern Denmark,2009,291163.6666666667
Faaborg-Midtfyn,Southern Denmark,2009,279868.3333333333
Fanø,Southern Denmark,2009,323081.3333333333
Favrskov,Central Jutland,2009,312129.6666666667
Faxe,Zealand Region,2009,294183.6666666667
Fredensborg,Capital Region,2009,351327.6666666667
Fredericia,Southern Denmark,2009,293114.0
Frederiksberg,Capital Region,2009,309295.6666666667
Frederikshavn,North Jutland,2009,277895.3333333333
Frederikssund,Capital Region,2009,315400.6666666667
Furesø,Capital Region,2009,376497.6666666667
Gentofte,Capital Region,2009,452807.0
Gladsaxe,Capital Region,2009,313879.6666666667
Glostrup,Capital Region,2009,302014.3333333333
Greve,Zealand Region,2009,336269.0
Gribskov,Capital Region,2009,316212.3333333333
Guldborgsund,Zealand Region,2009,266619.3333333333
Haderslev,Southern Denmark,2009,284829.0
Halsnæs,Capital Region,2009,289165.6666666667
Hedensted,Central Jutland,2009,306252.3333333333
Helsingør,Capital Region,2009,312683.0
Herlev,Capital Region,2009,306988.0
Herning,Central Jutland,2009,291192.3333333333
Hillerød,Capital Region,2009,333925.6666666667
Hjørring,North Jutland,2009,273484.6666666667
Holbæk,Zealand Region,2009,299109.0
Holstebro,Central Jutland,2009,288652.6666666667
Horsens,Central Jutland,2009,289294.3333333333
Hvidovre,Capital Region,2009,295185.6666666667
Høje-Taastrup,Capital Region,2009,306745.3333333333
Hørsholm,Capital Region,2009,415990.0
Ikast-Brande,Central Jutland,2009,284030.3333333333
Ishøj,Capital Region,2009,283045.6666666667
Jammerbugt,North Jutland,2009,279328.6666666667
Kalundborg,Zealand Region,2009,285429.6666666667
Kerteminde,Southern Denmark,2009,291595.6666666667
Kolding,Southern Denmark,2009,296389.0
Køge,Zealand Region,2009,309064.3333333333
Langeland,Southern Denmark,2009,248047.33333333334
Lejre,Zealand Region,2009,332329.0
Lemvig,Central Jutland,2009,279182.3333333333
Lolland,Zealand Region,2009,252702.66666666666
Lyngby-Taarbæk,Capital Region,2009,364294.6666666667
Læsø,North Jutland,2009,247791.0
Mariagerfjord,North Jutland,2009,279353.3333333333
Middelfart,Southern Denmark,2009,302919.0
Morsø,North Jutland,2009,262191.6666666667
Norddjurs,Central Jutland,2009,270782.0
Nordfyns,Southern Denmark,2009,275193.0
Nyborg,Southern Denmark,2009,283633.3333333333
Næstved,Zealand Region,2009,288951.6666666667
Odder,Central Jutland,2009,311992.6666666667
Odense,Southern Denmark,2009,276564.6666666667
Odsherred,Zealand Region,2009,269739.0
Randers,Central Jutland,2009,278467.6666666667
Rebild,North Jutland,2009,299405.3333333333
Ringkøbing-Skjern,Central Jutland,2009,291444.3333333333
Ringsted,Zealand Region,2009,300927.3333333333
Roskilde,Zealand Region,2009,324722.6666666667
Rudersdal,Capital Region,2009,424702.0
Rødovre,Capital Region,2009,292631.0
Samsø,Central Jutland,2009,260602.66666666666
Silkeborg,Central Jutland,2009,312634.0
Skanderborg,Central Jutland,2009,329183.6666666667
Skive,Central Jutland,2009,280077.6666666667
Slagelse,Zealand Region,2009,282493.0
Solrød,Zealand Region,2009,342208.0
Sorø,Zealand Region,2009,298019.6666666667
Stevns,Zealand Region,2009,300212.3333333333
Struer,Central Jutland,2009,285165.6666666667
Svendborg,Southern Denmark,2009,287571.3333333333
Syddjurs,Central Jutland,2009,294672.0
Sønderborg,Southern Denmark,2009,260284.66666666666
Thisted,North Jutland,2009,273902.0
Tårnby,Capital Region,2009,312478.0
Tønder,Southern Denmark,2009,265412.3333333333
Vallensbæk,Capital Region,2009,342561.0
Varde,Southern Denmark,2009,286885.3333333333
Vejen,Southern Denmark,2009,278420.0
Vejle,Southern Denmark,2009,304292.0
Vesthimmerland,North Jutland,2009,267460.6666666667
Viborg,Central Jutland,2009,293227.0
Vordingborg,Zealand Region,2009,268946.6666666667
Ærø,Southern Denmark,2009,261144.33333333334
Aabenraa,Southern Denmark,2010,301608.0
Aalborg,North Jutland,2010,299736.6666666667
Aarhus,Central Jutland,2010,312728.3333333333
Albertslund,Capital Region,2010,308963.0
Allerød,Capital Region,2010,434833.6666666667
Assens,Southern Denmark,2010,306560.6666666667
Ballerup,Capital Region,2010,326828.6666666667
Billund,Southern Denmark,2010,323111.6666666667
Bornholm,Capital Region,2010,284931.3333333333
Brøndby,Capital Region,2010,302629.3333333333
Brønderslev,North Jutland,2010,294527.0
Copenhagen,Capital Region,2010,287346.3333333333
Dragør,Capital Region,2010,408677.3333333333
Egedal,Capital Region,2010,394668.3333333333
Esbjerg,Southern Denmark,2010,314302.3333333333
Faaborg-Midtfyn,Southern Denmark,2010,301650.6666666667
Fanø,Southern Denmark,2010,344628.6666666667
Favrskov,Central Jutland,2010,341838.3333333333
Faxe,Zealand Region,2010,318267.3333333333
Fredensborg,Capital Region,2010,391063.3333333333
Fredericia,Southern Denmark,2010,315796.6666666667
Frederiksberg,Capital Region,2010,342117.3333333333
Frederikshavn,North Jutland,2010,298924.6666666667
Frederikssund,Capital Region,2010,339176.0
Furesø,Capital Region,2010,423334.6666666667
Gentofte,Capital Region,2010,533115.6666666666
Gladsaxe,Capital Region,2010,343452.0
Glostrup,Capital Region,2010,325790.0
Greve,Zealand Region,2010,368453.6666666667
Gribskov,Capital Region,2010,348475.3333333333
Guldborgsund,Zealand Region,2010,286823.0
Haderslev,Southern Denmark,2010,302811.6666666667
Halsnæs,Capital Region,2010,311398.6666666667
Hedensted,Central Jutland,2010,329208.3333333333
Helsingør,Capital Region,2010,344897.0
Herlev,Capital Region,2010,330349.6666666667
Herning,Central Jutland,2010,317854.6666666667
Hillerød,Capital Region,2010,368956.3333333333
Hjørring,North Jutland,2010,296289.6666666667
Holbæk,Zealand Region,2010,323363.6666666667
Holstebro,Central Jutland,2010,315140.6666666667
Horsens,Central Jutland,2010,311311.6666666667
Hvidovre,Capital Region,2010,319074.0
Høje-Taastrup,Capital Region,2010,326310.3333333333
Hørsholm,Capital Region,2010,504336.3333333333
Ikast-Brande,Central Jutland,2010,309705.0
Ishøj,Capital Region,2010,302491.6666666667
Jammerbugt,North Jutland,2010,301366.0
Kalundborg,Zealand Region,2010,309408.3333333333
Kerteminde,Southern Denmark,2010,313568.6666666667
Kolding,Southern Denmark,2010,323142.3333333333
Køge,Zealand Region,2010,335016.6666666667
Langeland,Southern Denmark,2010,265423.3333333333
Lejre,Zealand Region,2010,368173.0
Lemvig,Central Jutland,2010,314882.6666666667
Lolland,Zealand Region,2010,269655.0
Lyngby-Taarbæk,Capital Region,2010,417518.6666666667
Læsø,North Jutland,2010,274156.0
Mariagerfjord,North Jutland,2010,302996.0
Middelfart,Southern Denmark,2010,329818.3333333333
Morsø,North Jutland,2010,277716.0
Norddjurs,Central Jutland,2010,292634.6666666667
Nordfyns,Southern Denmark,2010,300419.0
Nyborg,Southern Denmark,2010,303081.0
Næstved,Zealand Region,2010,311054.0
Odder,Central Jutland,2010,338671.6666666667
Odense,Southern Denmark,2010,299425.6666666667
Odsherred,Zealand Region,2010,290186.3333333333
Randers,Central Jutland,2010,299799.3333333333
Rebild,North Jutland,2010,322997.3333333333
Ringkøbing-Skjern,Central Jutland,2010,315618.6666666667
Ringsted,Zealand Region,2010,326644.0
Roskilde,Zealand Region,2010,355849.0
Rudersdal,Capital Region,2010,511538.6666666667
Rødovre,Capital Region,2010,314104.3333333333
Samsø,Central Jutland,2010,269438.6666666667
Silkeborg,Central Jutland,2010,329657.0
Skanderborg,Central Jutland,2010,360509.0
Skive,Central Jutland,2010,299291.0
Slagelse,Zealand Region,2010,301587.3333333333
Solrød,Zealand Region,2010,381251.3333333333
Sorø,Zealand Region,2010,318542.3333333333
Stevns,Zealand Region,2010,324412.0
Struer,Central Jutland,2010,305748.3333333333
Svendborg,Southern Denmark,2010,308484.3333333333
Syddjurs,Central Jutland,2010,319293.6666666667
Sønderborg,Southern Denmark,2010,302764.6666666667
Thisted,North Jutland,2010,295962.6666666667
Tårnby,Capital Region,2010,336339.3333333333
Tønder,Southern Denmark,2010,286338.3333333333
Vallensbæk,Capital Region,2010,373876.0
Varde,Southern Denmark,2010,308731.6666666667
Vejen,Southern Denmark,2010,305063.0
Vejle,Southern Denmark,2010,332933.3333333333
Vesthimmerland,North Jutland,2010,285882.3333333333
Viborg,Central Jutland,2010,318968.3333333333
Vordingborg,Zealand Region,2010,292720.3333333333
Ærø,Southern Denmark,2010,276288.6666666667
Aabenraa,Southern Denmark,2011,305809.0
Aalborg,North Jutland,2011,304459.0
Aarhus,Central Jutland,2011,318450.3333333333
Albertslund,Capital Region,2011,307160.6666666667
Allerød,Capital Region,2011,452258.6666666667
Assens,Southern Denmark,2011,310726.6666666667
Ballerup,Capital Region,2011,336048.0
Billund,Southern Denmark,2011,330902.3333333333
Bornholm,Capital Region,2011,286149.0
Brøndby,Capital Region,2011,308545.3333333333
Brønderslev,North Jutland,2011,302292.3333333333
Copenhagen,Capital Region,2011,295723.0
Dragør,Capital Region,2011,442251.3333333333
Egedal,Capital Region,2011,401930.3333333333
Esbjerg,Southern Denmark,2011,319414.3333333333
Faaborg-Midtfyn,Southern Denmark,2011,308560.0
Fanø,Southern Denmark,2011,353826.0
Favrskov,Central Jutland,2011,348948.0
Faxe,Zealand Region,2011,318980.3333333333
Fredensborg,Capital Region,2011,398193.3333333333
Fredericia,Southern Denmark,2011,314786.3333333333
Frederiksberg,Capital Region,2011,351272.0
Frederikshavn,North Jutland,2011,306576.3333333333
Frederikssund,Capital Region,2011,345654.3333333333
Furesø,Capital Region,2011,433623.6666666667
Gentofte,Capital Region,2011,563977.3333333334
Gladsaxe,Capital Region,2011,353780.3333333333
Glostrup,Capital Region,2011,329246.6666666667
Greve,Zealand Region,2011,379544.0
Gribskov,Capital Region,2011,350857.6666666667
Guldborgsund,Zealand Region,2011,281968.6666666667
Haderslev,Southern Denmark,2011,304951.3333333333
Halsnæs,Capital Region,2011,314927.3333333333
Hedensted,Central Jutland,2011,330878.3333333333
Helsingør,Capital Region,2011,354027.0
Herlev,Capital Region,2011,336797.3333333333
Herning,Central Jutland,2011,331932.3333333333
Hillerød,Capital Region,2011,376178.0
Hjørring,North Jutland,2011,307776.6666666667
Holbæk,Zealand Region,2011,325319.0
Holstebro,Central Jutland,2011,324355.3333333333
Horsens,Central Jutland,2011,318452.3333333333
Hvidovre,Capital Region,2011,325074.3333333333
Høje-Taastrup,Capital Region,2011,331940.6666666667
Hørsholm,Capital Region,2011,523674.0
Ikast-Brande,Central Jutland,2011,320685.3333333333
Ishøj,Capital Region,2011,307553.6666666667
Jammerbugt,North Jutland,2011,311240.3333333333
Kalundborg,Zealand Region,2011,312260.6666666667
Kerteminde,Southern Denmark,2011,320372.3333333333
Kolding,Southern Denmark,2011,328698.6666666667
Køge,Zealand Region,2011,340135.0
Langeland,Southern Denmark,2011,268127.0
Lejre,Zealand Region,2011,369624.0
Lemvig,Central Jutland,2011,321128.0
Lolland,Zealand Region,2011,272268.6666666667
Lyngby-Taarbæk,Capital Region,2011,432320.6666666667
Læsø,North Jutland,2011,284137.3333333333
Mariagerfjord,North Jutland,2011,309872.6666666667
Middelfart,Southern Denmark,2011,330062.6666666667
Morsø,North Jutland,2011,290523.0
Norddjurs,Central Jutland,2011,299330.6666666667
Nordfyns,Southern Denmark,2011,310139.0
Nyborg,Southern Denmark,2011,307683.0
Næstved,Zealand Region,2011,317032.3333333333
Odder,Central Jutland,2011,344991.3333333333
Odense,Southern Denmark,2011,303639.3333333333
Odsherred,Zealand Region,2011,293840.6666666667
Randers,Central Jutland,2011,304991.0
Rebild,North Jutland,2011,337005.3333333333
Ringkøbing-Skjern,Central Jutland,2011,323933.6666666667
Ringsted,Zealand Region,2011,329507.0
Roskilde,Zealand Region,2011,364021.3333333333
Rudersdal,Capital Region,2011,530544.6666666666
Rødovre,Capital Region,2011,322051.0
Samsø,Central Jutland,2011,282215.0
Silkeborg,Central Jutland,2011,330307.3333333333
Skanderborg,Central Jutland,2011,371144.0
Skive,Central Jutland,2011,306649.0
Slagelse,Zealand Region,2011,307157.3333333333
Solrød,Zealand Region,2011,402115.3333333333
Sorø,Zealand Region,2011,326210.3333333333
Stevns,Zealand Region,2011,329119.0
Struer,Central Jutland,2011,312552.3333333333
Svendborg,Southern Denmark,2011,307865.6666666667
Syddjurs,Central Jutland,2011,328159.3333333333
Sønderborg,Southern Denmark,2011,305580.6666666667
Thisted,North Jutland,2011,305043.3333333333
Tårnby,Capital Region,2011,347308.3333333333
Tønder,Southern Denmark,2011,292528.3333333333
Vallensbæk,Capital Region,2011,379401.6666666667
Varde,Southern Denmark,2011,318365.3333333333
Vejen,Southern Denmark,2011,307973.0
Vejle,Southern Denmark,2011,335693.3333333333
Vesthimmerland,North Jutland,2011,297777.3333333333
Viborg,Central Jutland,2011,323980.6666666667
Vordingborg,Zealand Region,2011,296674.6666666667
Ærø,Southern Denmark,2011,276708.0
Aabenraa,Southern Denmark,2012,312566.6666666667
Aalborg,North Jutland,2012,310591.0
Aarhus,Central Jutland,2012,324827.0
Albertslund,Capital Region,2012,314776.0
Allerød,Capital Region,2012,461174.0
Assens,Southern Denmark,2012,317721.0
Ballerup,Capital Region,2012,343129.3333333333
Billund,Southern Denmark,2012,342039.6666666667
Bornholm,Capital Region,2012,292584.3333333333
Brøndby,Capital Region,2012,312054.3333333333
Brønderslev,North Jutland,2012,314114.3333333333
Copenhagen,Capital Region,2012,302645.3333333333
Dragør,Capital Region,2012,447210.3333333333
Egedal,Capital Region,2012,411227.0
Esbjerg,Southern Denmark,2012,327958.3333333333
Faaborg-Midtfyn,Southern Denmark,2012,316964.3333333333
Fanø,Southern Denmark,2012,358123.3333333333
Favrskov,Central Jutland,2012,360415.6666666667
Faxe,Zealand Region,2012,328808.6666666667
Fredensborg,Capital Region,2012,408480.3333333333
Fredericia,Southern Denmark,2012,322289.6666666667
Frederiksberg,Capital Region,2012,362634.6666666667
Frederikshavn,North Jutland,2012,319327.0
Frederikssund,Capital Region,2012,353354.3333333333
Furesø,Capital Region,2012,451643.6666666667
Gentofte,Capital Region,2012,586696.0
Gladsaxe,Capital Region,2012,360178.0
Glostrup,Capital Region,2012,333086.6666666667
Greve,Zealand Region,2012,388789.0
Gribskov,Capital Region,2012,362704.3333333333
Guldborgsund,Zealand Region,2012,293565.3333333333
Haderslev,Southern Denmark,2012,309904.0
Halsnæs,Capital Region,2012,322641.3333333333
Hedensted,Central Jutland,2012,341955.3333333333
Helsingør,Capital Region,2012,364013.3333333333
Herlev,Capital Region,2012,343826.3333333333
Herning,Central Jutland,2012,332227.3333333333
Hillerød,Capital Region,2012,388268.6666666667
Hjørring,North Jutland,2012,316502.0
Holbæk,Zealand Region,2012,335591.6666666667
Holstebro,Central Jutland,2012,334960.0
Horsens,Central Jutland,2012,326934.6666666667
Hvidovre,Capital Region,2012,331906.3333333333
Høje-Taastrup,Capital Region,2012,336539.6666666667
Hørsholm,Capital Region,2012,540550.6666666666
Ikast-Brande,Central Jutland,2012,326760.3333333333
Ishøj,Capital Region,2012,312755.0
Jammerbugt,North Jutland,2012,320622.0
Kalundborg,Zealand Region,2012,321373.6666666667
Kerteminde,Southern Denmark,2012,324327.6666666667
Kolding,Southern Denmark,2012,336988.6666666667
Køge,Zealand Region,2012,347353.0
Langeland,Southern Denmark,2012,277042.0
Lejre,Zealand Region,2012,378735.0
Lemvig,Central Jutland,2012,323696.6666666667
Lolland,Zealand Region,2012,279050.0
Lyngby-Taarbæk,Capital Region,2012,446488.6666666667
Læsø,North Jutland,2012,290312.3333333333
Mariagerfjord,North Jutland,2012,319155.0
Middelfart,Southern Denmark,2012,343653.0
Morsø,North Jutland,2012,298527.3333333333
Norddjurs,Central Jutland,2012,304655.3333333333
Nordfyns,Southern Denmark,2012,315629.3333333333
Nyborg,Southern Denmark,2012,314840.6666666667
Næstved,Zealand Region,2012,325232.6666666667
Odder,Central Jutland,2012,355607.6666666667
Odense,Southern Denmark,2012,304369.0
Odsherred,Zealand Region,2012,302217.6666666667
Randers,Central Jutland,2012,312080.3333333333
Rebild,North Jutland,2012,347302.6666666667
Ringkøbing-Skjern,Central Jutland,2012,333803.0
Ringsted,Zealand Region,2012,338119.3333333333
Roskilde,Zealand Region,2012,374509.3333333333
Rudersdal,Capital Region,2012,562367.0
Rødovre,Capital Region,2012,328249.0
Samsø,Central Jutland,2012,294426.6666666667
Silkeborg,Central Jutland,2012,347378.6666666667
Skanderborg,Central Jutland,2012,383666.3333333333
Skive,Central Jutland,2012,314691.0
Slagelse,Zealand Region,2012,313718.3333333333
Solrød,Zealand Region,2012,414885.0
Sorø,Zealand Region,2012,334117.0
Stevns,Zealand Region,2012,335809.0
Struer,Central Jutland,2012,321561.6666666667
Svendborg,Southern Denmark,2012,319689.6666666667
Syddjurs,Central Jutland,2012,340807.0
Sønderborg,Southern Denmark,2012,315957.3333333333
Thisted,North Jutland,2012,310665.0
Tårnby,Capital Region,2012,352947.0
Tønder,Southern Denmark,2012,294740.3333333333
Vallensbæk,Capital Region,2012,388893.0
Varde,Southern Denmark,2012,329375.0
Vejen,Southern Denmark,2012,322341.6666666667
Vejle,Southern Denmark,2012,345843.6666666667
Vesthimmerland,North Jutland,2012,305141.3333333333
Viborg,Central Jutland,2012,331411.3333333333
Vordingborg,Zealand Region,2012,304219.6666666667
Ærø,Southern Denmark,2012,283983.0
Aabenraa,Southern Denmark,2013,318038.3333333333
Aalborg,North Jutland,2013,316597.6666666667
Aarhus,Central Jutland,2013,336371.3333333333
Albertslund,Capital Region,2013,316540.3333333333
Allerød,Capital Region,2013,474084.6666666667
Assens,Southern Denmark,2013,323432.6666666667
Ballerup,Capital Region,2013,350037.0
Billund,Southern Denmark,2013,351436.6666666667
Bornholm,Capital Region,2013,296142.3333333333
Brøndby,Capital Region,2013,316353.0
Brønderslev,North Jutland,2013,322419.0
Copenhagen,Capital Region,2013,311350.6666666667
Dragør,Capital Region,2013,457891.6666666667
Egedal,Capital Region,2013,424794.3333333333
Esbjerg,Southern Denmark,2013,335569.6666666667
Faaborg-Midtfyn,Southern Denmark,2013,322389.3333333333
Fanø,Southern Denmark,2013,367581.3333333333
Favrskov,Central Jutland,2013,370337.0
Faxe,Zealand Region,2013,333437.6666666667
Fredensborg,Capital Region,2013,424101.3333333333
Fredericia,Southern Denmark,2013,328728.3333333333
Frederiksberg,Capital Region,2013,375562.6666666667
Frederikshavn,North Jutland,2013,322913.6666666667
Frederikssund,Capital Region,2013,365130.6666666667
Furesø,Capital Region,2013,466009.3333333333
Gentofte,Capital Region,2013,609968.3333333334
Gladsaxe,Capital Region,2013,371299.3333333333
Glostrup,Capital Region,2013,342027.0
Greve,Zealand Region,2013,400067.3333333333
Gribskov,Capital Region,2013,368251.6666666667
Guldborgsund,Zealand Region,2013,303367.3333333333
Haderslev,Southern Denmark,2013,317030.3333333333
Halsnæs,Capital Region,2013,331447.6666666667
Hedensted,Central Jutland,2013,351741.0
Helsingør,Capital Region,2013,379183.6666666667
Herlev,Capital Region,2013,353603.6666666667
Herning,Central Jutland,2013,339262.0
Hillerød,Capital Region,2013,397276.3333333333
Hjørring,North Jutland,2013,325100.0
Holbæk,Zealand Region,2013,344280.3333333333
Holstebro,Central Jutland,2013,346662.0
Horsens,Central Jutland,2013,336028.0
Hvidovre,Capital Region,2013,338570.6666666667
Høje-Taastrup,Capital Region,2013,342800.3333333333
Hørsholm,Capital Region,2013,562936.6666666666
Ikast-Brande,Central Jutland,2013,338598.3333333333
Ishøj,Capital Region,2013,317266.0
Jammerbugt,North Jutland,2013,329151.3333333333
Kalundborg,Zealand Region,2013,330579.6666666667
Kerteminde,Southern Denmark,2013,332828.3333333333
Kolding,Southern Denmark,2013,342509.0
Køge,Zealand Region,2013,355673.6666666667
Langeland,Southern Denmark,2013,280655.0
Lejre,Zealand Region,2013,391832.6666666667
Lemvig,Central Jutland,2013,342850.6666666667
Lolland,Zealand Region,2013,287717.3333333333
Lyngby-Taarbæk,Capital Region,2013,466437.6666666667
Læsø,North Jutland,2013,297667.6666666667
Mariagerfjord,North Jutland,2013,323506.3333333333
Middelfart,Southern Denmark,2013,350617.6666666667
Morsø,North Jutland,2013,307953.0
Norddjurs,Central Jutland,2013,309833.3333333333
Nordfyns,Southern Denmark,2013,325175.6666666667
Nyborg,Southern Denmark,2013,320565.3333333333
Næstved,Zealand Region,2013,332838.0
Odder,Central Jutland,2013,363727.3333333333
Odense,Southern Denmark,2013,313328.3333333333
Odsherred,Zealand Region,2013,309858.0
Randers,Central Jutland,2013,318337.3333333333
Rebild,North Jutland,2013,358061.6666666667
Ringkøbing-Skjern,Central Jutland,2013,340909.3333333333
Ringsted,Zealand Region,2013,345674.0
Roskilde,Zealand Region,2013,382601.0
Rudersdal,Capital Region,2013,594648.3333333334
Rødovre,Capital Region,2013,336436.6666666667
Samsø,Central Jutland,2013,303183.0
Silkeborg,Central Jutland,2013,354998.3333333333
Skanderborg,Central Jutland,2013,393349.0
Skive,Central Jutland,2013,320163.0
Slagelse,Zealand Region,2013,323366.0
Solrød,Zealand Region,2013,421262.6666666667
Sorø,Zealand Region,2013,345586.0
Stevns,Zealand Region,2013,345352.3333333333
Struer,Central Jutland,2013,326623.3333333333
Svendborg,Southern Denmark,2013,326588.6666666667
Syddjurs,Central Jutland,2013,357613.3333333333
Sønderborg,Southern Denmark,2013,318945.3333333333
Thisted,North Jutland,2013,321558.6666666667
Tårnby,Capital Region,2013,362036.6666666667
Tønder,Southern Denmark,2013,305320.3333333333
Vallensbæk,Capital Region,2013,397544.3333333333
Varde,Southern Denmark,2013,344887.0
Vejen,Southern Denmark,2013,333533.6666666667
Vejle,Southern Denmark,2013,352868.0
Vesthimmerland,North Jutland,2013,314165.6666666667
Viborg,Central Jutland,2013,342713.6666666667
Vordingborg,Zealand Region,2013,314457.6666666667
Ærø,Southern Denmark,2013,284370.6666666667
Aabenraa,Southern Denmark,2014,321844.6666666667
Aalborg,North Jutland,2014,321230.6666666667
Aarhus,Central Jutland,2014,343435.0
Albertslund,Capital Region,2014,324191.0
Allerød,Capital Region,2014,487347.0
Assens,Southern Denmark,2014,327407.6666666667
Ballerup,Capital Region,2014,366728.6666666667
Billund,Southern Denmark,2014,355026.0
Bornholm,Capital Region,2014,301158.3333333333
Brøndby,Capital Region,2014,321803.0
Brønderslev,North Jutland,2014,325237.0
Copenhagen,Capital Region,2014,321058.6666666667
Dragør,Capital Region,2014,471336.0
Egedal,Capital Region,2014,432740.6666666667
Esbjerg,Southern Denmark,2014,341909.3333333333
Faaborg-Midtfyn,Southern Denmark,2014,329373.6666666667
Fanø,Southern Denmark,2014,372806.0
Favrskov,Central Jutland,2014,378191.0
Faxe,Zealand Region,2014,339983.0
Fredensborg,Capital Region,2014,435458.0
Fredericia,Southern Denmark,2014,335811.3333333333
Frederiksberg,Capital Region,2014,387452.3333333333
Frederikshavn,North Jutland,2014,325131.0
Frederikssund,Capital Region,2014,372599.6666666667
Furesø,Capital Region,2014,482754.3333333333
Gentofte,Capital Region,2014,637447.3333333334
Gladsaxe,Capital Region,2014,382113.6666666667
Glostrup,Capital Region,2014,347303.6666666667
Greve,Zealand Region,2014,408327.0
Gribskov,Capital Region,2014,380720.3333333333
Guldborgsund,Zealand Region,2014,306502.6666666667
Haderslev,Southern Denmark,2014,321750.3333333333
Halsnæs,Capital Region,2014,338261.3333333333
Hedensted,Central Jutland,2014,360421.6666666667
Helsingør,Capital Region,2014,388045.0
Herlev,Capital Region,2014,358294.3333333333
Herning,Central Jutland,2014,347645.0
Hillerød,Capital Region,2014,404865.6666666667
Hjørring,North Jutland,2014,328967.0
Holbæk,Zealand Region,2014,351421.6666666667
Holstebro,Central Jutland,2014,345951.0
Horsens,Central Jutland,2014,343745.3333333333
Hvidovre,Capital Region,2014,347810.6666666667
Høje-Taastrup,Capital Region,2014,349617.3333333333
Hørsholm,Capital Region,2014,573633.3333333334
Ikast-Brande,Central Jutland,2014,339729.6666666667
Ishøj,Capital Region,2014,319921.3333333333
Jammerbugt,North Jutland,2014,330485.0
Kalundborg,Zealand Region,2014,337092.0
Kerteminde,Southern Denmark,2014,343008.3333333333
Kolding,Southern Denmark,2014,350726.6666666667
Køge,Zealand Region,2014,365721.3333333333
Langeland,Southern Denmark,2014,287482.6666666667
Lejre,Zealand Region,2014,397837.3333333333
Lemvig,Central Jutland,2014,339468.6666666667
Lolland,Zealand Region,2014,294497.6666666667
Lyngby-Taarbæk,Capital Region,2014,493591.6666666667
Læsø,North Jutland,2014,296777.6666666667
Mariagerfjord,North Jutland,2014,330731.3333333333
Middelfart,Southern Denmark,2014,356467.0
Morsø,North Jutland,2014,311244.6666666667
Norddjurs,Central Jutland,2014,315268.6666666667
Nordfyns,Southern Denmark,2014,328878.6666666667
Nyborg,Southern Denmark,2014,327125.6666666667
Næstved,Zealand Region,2014,338009.6666666667
Odder,Central Jutland,2014,371084.6666666667
Odense,Southern Denmark,2014,319063.0
Odsherred,Zealand Region,2014,316765.6666666667
Randers,Central Jutland,2014,323565.0
Rebild,North Jutland,2014,363198.3333333333
Ringkøbing-Skjern,Central Jutland,2014,344940.0
Ringsted,Zealand Region,2014,352048.3333333333
Roskilde,Zealand Region,2014,395988.6666666667
Rudersdal,Capital Region,2014,623674.6666666666
Rødovre,Capital Region,2014,344895.0
Samsø,Central Jutland,2014,306542.0
Silkeborg,Central Jutland,2014,342065.3333333333
Skanderborg,Central Jutland,2014,405737.0
Skive,Central Jutland,2014,324647.0
Slagelse,Zealand Region,2014,326274.3333333333
Solrød,Zealand Region,2014,440775.0
Sorø,Zealand Region,2014,351767.0
Stevns,Zealand Region,2014,354557.3333333333
Struer,Central Jutland,2014,325917.6666666667
Svendborg,Southern Denmark,2014,334113.0
Syddjurs,Central Jutland,2014,352052.3333333333
Sønderborg,Southern Denmark,2014,327162.6666666667
Thisted,North Jutland,2014,322792.3333333333
Tårnby,Capital Region,2014,371071.0
Tønder,Southern Denmark,2014,308469.6666666667
Vallensbæk,Capital Region,2014,412149.3333333333
Varde,Southern Denmark,2014,341126.6666666667
Vejen,Southern Denmark,2014,333450.6666666667
Vejle,Southern Denmark,2014,359485.0
Vesthimmerland,North Jutland,2014,317177.0
Viborg,Central Jutland,2014,345387.3333333333
Vordingborg,Zealand Region,2014,319821.3333333333
Ærø,Southern Denmark,2014,296325.3333333333
Aabenraa,Southern Denmark,2015,328991.0
Aalborg,North Jutland,2015,328066.3333333333
Aarhus,Central Jutland,2015,357546.6666666667
Albertslund,Capital Region,2015,330876.6666666667
Allerød,Capital Region,2015,500810.3333333333
Assens,Southern Denmark,2015,334955.6666666667
Ballerup,Capital Region,2015,373176.0
Billund,Southern Denmark,2015,358417.6666666667
Bornholm,Capital Region,2015,307038.0
Brøndby,Capital Region,2015,326066.3333333333
Brønderslev,North Jutland,2015,329552.6666666667
Copenhagen,Capital Region,2015,330542.0
Dragør,Capital Region,2015,487301.3333333333
Egedal,Capital Region,2015,444538.0
Esbjerg,Southern Denmark,2015,346144.0
Faaborg-Midtfyn,Southern Denmark,2015,335055.3333333333
Fanø,Southern Denmark,2015,377027.3333333333
Favrskov,Central Jutland,2015,385106.3333333333
Faxe,Zealand Region,2015,344751.6666666667
Fredensborg,Capital Region,2015,451556.6666666667
Fredericia,Southern Denmark,2015,344030.3333333333
Frederiksberg,Capital Region,2015,400008.0
Frederikshavn,North Jutland,2015,330302.0
Frederikssund,Capital Region,2015,380900.6666666667
Furesø,Capital Region,2015,486470.0
Gentofte,Capital Region,2015,717204.3333333334
Gladsaxe,Capital Region,2015,390693.3333333333
Glostrup,Capital Region,2015,356900.6666666667
Greve,Zealand Region,2015,414156.0
Gribskov,Capital Region,2015,386051.0
Guldborgsund,Zealand Region,2015,313070.6666666667
Haderslev,Southern Denmark,2015,328290.3333333333
Halsnæs,Capital Region,2015,345479.0
Hedensted,Central Jutland,2015,370074.6666666667
Helsingør,Capital Region,2015,399633.3333333333
Herlev,Capital Region,2015,366347.0
Herning,Central Jutland,2015,352884.6666666667
Hillerød,Capital Region,2015,424584.6666666667
Hjørring,North Jutland,2015,334069.3333333333
Holbæk,Zealand Region,2015,360842.3333333333
Holstebro,Central Jutland,2015,353472.6666666667
Horsens,Central Jutland,2015,349007.3333333333
Hvidovre,Capital Region,2015,353967.0
Høje-Taastrup,Capital Region,2015,354607.6666666667
Hørsholm,Capital Region,2015,598423.0
Ikast-Brande,Central Jutland,2015,349281.6666666667
Ishøj,Capital Region,2015,325588.6666666667
Jammerbugt,North Jutland,2015,334519.6666666667
Kalundborg,Zealand Region,2015,347875.3333333333
Kerteminde,Southern Denmark,2015,348427.3333333333
Kolding,Southern Denmark,2015,359223.3333333333
Køge,Zealand Region,2015,372722.6666666667
Langeland,Southern Denmark,2015,288977.0
Lejre,Zealand Region,2015,406045.6666666667
Lemvig,Central Jutland,2015,350161.6666666667
Lolland,Zealand Region,2015,296372.6666666667
Lyngby-Taarbæk,Capital Region,2015,531065.0
Læsø,North Jutland,2015,300300.3333333333
Mariagerfjord,North Jutland,2015,334548.6666666667
Middelfart,Southern Denmark,2015,370589.0
Morsø,North Jutland,2015,317305.3333333333
Norddjurs,Central Jutland,2015,320243.0
Nordfyns,Southern Denmark,2015,334231.3333333333
Nyborg,Southern Denmark,2015,331536.6666666667
Næstved,Zealand Region,2015,344773.6666666667
Odder,Central Jutland,2015,374736.6666666667
Odense,Southern Denmark,2015,326439.0
Odsherred,Zealand Region,2015,321543.0
Randers,Central Jutland,2015,331438.6666666667
Rebild,North Jutland,2015,368972.0
Ringkøbing-Skjern,Central Jutland,2015,349684.6666666667
Ringsted,Zealand Region,2015,357828.3333333333
Roskilde,Zealand Region,2015,404409.3333333333
Rudersdal,Capital Region,2015,639287.0
Rødovre,Capital Region,2015,355031.6666666667
Samsø,Central Jutland,2015,318961.0
Silkeborg,Central Jutland,2015,374647.3333333333
Skanderborg,Central Jutland,2015,414739.6666666667
Skive,Central Jutland,2015,332729.3333333333
Slagelse,Zealand Region,2015,332271.6666666667
Solrød,Zealand Region,2015,453185.6666666667
Sorø,Zealand Region,2015,360557.6666666667
Stevns,Zealand Region,2015,359155.0
Struer,Central Jutland,2015,332844.3333333333
Svendborg,Southern Denmark,2015,339770.6666666667
Syddjurs,Central Jutland,2015,362145.3333333333
Sønderborg,Southern Denmark,2015,330631.0
Thisted,North Jutland,2015,331748.0
Tårnby,Capital Region,2015,378827.0
Tønder,Southern Denmark,2015,315938.0
Vallensbæk,Capital Region,2015,415124.3333333333
Varde,Southern Denmark,2015,346061.0
Vejen,Southern Denmark,2015,343250.0
Vejle,Southern Denmark,2015,373138.6666666667
Vesthimmerland,North Jutland,2015,321656.0
Viborg,Central Jutland,2015,352677.0
Vordingborg,Zealand Region,2015,326826.6666666667
Ærø,Southern Denmark,2015,297949.3333333333
Aabenraa,Southern Denmark,2016,334492.6666666667
Aalborg,North Jutland,2016,332254.3333333333
Aarhus,Central Jutland,2016,358557.0
Albertslund,Capital Region,2016,335560.3333333333
Allerød,Capital Region,2016,508291.0
Assens,Southern Denmark,2016,339462.0
Ballerup,Capital Region,2016,376695.6666666667
Billund,Southern Denmark,2016,363467.3333333333
Bornholm,Capital Region,2016,312349.3333333333
Brøndby,Capital Region,2016,332631.0
Brønderslev,North Jutland,2016,342502.6666666667
Copenhagen,Capital Region,2016,339689.3333333333
Dragør,Capital Region,2016,495781.6666666667
Egedal,Capital Region,2016,447879.0
Esbjerg,Southern Denmark,2016,350515.3333333333
Faaborg-Midtfyn,Southern Denmark,2016,332505.3333333333
Fanø,Southern Denmark,2016,378134.6666666667
Favrskov,Central Jutland,2016,392981.0
Faxe,Zealand Region,2016,349596.3333333333
Fredensborg,Capital Region,2016,455839.3333333333
Fredericia,Southern Denmark,2016,354779.0
Frederiksberg,Capital Region,2016,409694.3333333333
Frederikshavn,North Jutland,2016,334594.0
Frederikssund,Capital Region,2016,388046.0
Furesø,Capital Region,2016,498536.0
Gentofte,Capital Region,2016,693988.0
Gladsaxe,Capital Region,2016,395736.6666666667
Glostrup,Capital Region,2016,360911.3333333333
Greve,Zealand Region,2016,419534.3333333333
Gribskov,Capital Region,2016,391570.3333333333
Guldborgsund,Zealand Region,2016,315515.6666666667
Haderslev,Southern Denmark,2016,331422.3333333333
Halsnæs,Capital Region,2016,350242.3333333333
Hedensted,Central Jutland,2016,371271.6666666667
Helsingør,Capital Region,2016,404019.3333333333
Herlev,Capital Region,2016,373297.0
Herning,Central Jutland,2016,359871.6666666667
Hillerød,Capital Region,2016,426061.3333333333
Hjørring,North Jutland,2016,337851.3333333333
Holbæk,Zealand Region,2016,363646.6666666667
Holstebro,Central Jutland,2016,353206.3333333333
Horsens,Central Jutland,2016,355822.6666666667
Hvidovre,Capital Region,2016,360605.3333333333
Høje-Taastrup,Capital Region,2016,359740.6666666667
Hørsholm,Capital Region,2016,604229.3333333334
Ikast-Brande,Central Jutland,2016,356099.3333333333
Ishøj,Capital Region,2016,329065.3333333333
Jammerbugt,North Jutland,2016,337460.3333333333
Kalundborg,Zealand Region,2016,351495.3333333333
Kerteminde,Southern Denmark,2016,354416.0
Kolding,Southern Denmark,2016,364700.0
Køge,Zealand Region,2016,376719.0
Langeland,Southern Denmark,2016,294342.0
Lejre,Zealand Region,2016,415362.3333333333
Lemvig,Central Jutland,2016,362338.0
Lolland,Zealand Region,2016,296573.3333333333
Lyngby-Taarbæk,Capital Region,2016,513690.6666666667
Læsø,North Jutland,2016,309950.6666666667
Mariagerfjord,North Jutland,2016,341532.0
Middelfart,Southern Denmark,2016,371755.6666666667
Morsø,North Jutland,2016,320061.6666666667
Norddjurs,Central Jutland,2016,322255.3333333333
Nordfyns,Southern Denmark,2016,337149.0
Nyborg,Southern Denmark,2016,335234.0
Næstved,Zealand Region,2016,349396.0
Odder,Central Jutland,2016,384668.0
Odense,Southern Denmark,2016,328861.6666666667
Odsherred,Zealand Region,2016,324879.3333333333
Randers,Central Jutland,2016,336335.0
Rebild,North Jutland,2016,375502.6666666667
Ringkøbing-Skjern,Central Jutland,2016,351475.0
Ringsted,Zealand Region,2016,362935.3333333333
Roskilde,Zealand Region,2016,411391.0
Rudersdal,Capital Region,2016,677508.6666666666
Rødovre,Capital Region,2016,361105.0
Samsø,Central Jutland,2016,311078.0
Silkeborg,Central Jutland,2016,391136.6666666667
Skanderborg,Central Jutland,2016,422458.6666666667
Skive,Central Jutland,2016,338437.6666666667
Slagelse,Zealand Region,2016,337867.0
Solrød,Zealand Region,2016,464793.6666666667
Sorø,Zealand Region,2016,363349.3333333333
Stevns,Zealand Region,2016,364544.6666666667
Struer,Central Jutland,2016,335279.6666666667
Svendborg,Southern Denmark,2016,345195.3333333333
Syddjurs,Central Jutland,2016,370052.6666666667
Sønderborg,Southern Denmark,2016,336262.0
Thisted,North Jutland,2016,337661.3333333333
Tårnby,Capital Region,2016,386623.6666666667
Tønder,Southern Denmark,2016,319637.3333333333
Vallensbæk,Capital Region,2016,414494.0
Varde,Southern Denmark,2016,348297.0
Vejen,Southern Denmark,2016,343251.6666666667
Vejle,Southern Denmark,2016,378572.3333333333
Vesthimmerland,North Jutland,2016,326623.6666666667
Viborg,Central Jutland,2016,357307.6666666667
Vordingborg,Zealand Region,2016,327819.6666666667
Ærø,Southern Denmark,2016,305344.0
Aabenraa,Southern Denmark,2017,347693.6666666667
Aalborg,North Jutland,2017,343468.6666666667
Aarhus,Central Jutland,2017,370975.3333333333
Albertslund,Capital Region,2017,340058.6666666667
Allerød,Capital Region,2017,519675.0
Assens,Southern Denmark,2017,349365.0
Ballerup,Capital Region,2017,384737.0
Billund,Southern Denmark,2017,381878.3333333333
Bornholm,Capital Region,2017,321672.6666666667
Brøndby,Capital Region,2017,338385.3333333333
Brønderslev,North Jutland,2017,347180.0
Copenhagen,Capital Region,2017,349407.3333333333
Dragør,Capital Region,2017,509091.3333333333
Egedal,Capital Region,2017,462044.3333333333
Esbjerg,Southern Denmark,2017,360285.0
Faaborg-Midtfyn,Southern Denmark,2017,347062.3333333333
Fanø,Southern Denmark,2017,392100.0
Favrskov,Central Jutland,2017,405907.3333333333
Faxe,Zealand Region,2017,357707.0
Fredensborg,Capital Region,2017,462052.0
Fredericia,Southern Denmark,2017,357822.6666666667
Frederiksberg,Capital Region,2017,425448.6666666667
Frederikshavn,North Jutland,2017,344190.6666666667
Frederikssund,Capital Region,2017,395123.3333333333
Furesø,Capital Region,2017,512154.0
Gentofte,Capital Region,2017,706121.0
Gladsaxe,Capital Region,2017,406023.0
Glostrup,Capital Region,2017,370226.0
Greve,Zealand Region,2017,429847.3333333333
Gribskov,Capital Region,2017,400354.0
Guldborgsund,Zealand Region,2017,322046.3333333333
Haderslev,Southern Denmark,2017,343295.3333333333
Halsnæs,Capital Region,2017,360698.3333333333
Hedensted,Central Jutland,2017,382504.6666666667
Helsingør,Capital Region,2017,414194.6666666667
Herlev,Capital Region,2017,379320.6666666667
Herning,Central Jutland,2017,372733.0
Hillerød,Capital Region,2017,433152.3333333333
Hjørring,North Jutland,2017,354031.3333333333
Holbæk,Zealand Region,2017,374179.0
Holstebro,Central Jutland,2017,365755.6666666667
Horsens,Central Jutland,2017,367608.3333333333
Hvidovre,Capital Region,2017,368266.3333333333
Høje-Taastrup,Capital Region,2017,368748.6666666667
Hørsholm,Capital Region,2017,637699.3333333334
Ikast-Brande,Central Jutland,2017,366199.6666666667
Ishøj,Capital Region,2017,334938.0
Jammerbugt,North Jutland,2017,345616.0
Kalundborg,Zealand Region,2017,357326.6666666667
Kerteminde,Southern Denmark,2017,360881.3333333333
Kolding,Southern Denmark,2017,375685.3333333333
Køge,Zealand Region,2017,387237.3333333333
Langeland,Southern Denmark,2017,300809.6666666667
Lejre,Zealand Region,2017,426999.6666666667
Lemvig,Central Jutland,2017,368951.6666666667
Lolland,Zealand Region,2017,303011.6666666667
Lyngby-Taarbæk,Capital Region,2017,521163.0
Læsø,North Jutland,2017,318793.3333333333
Mariagerfjord,North Jutland,2017,351401.6666666667
Middelfart,Southern Denmark,2017,389920.0
Morsø,North Jutland,2017,332729.0
Norddjurs,Central Jutland,2017,331832.6666666667
Nordfyns,Southern Denmark,2017,348512.6666666667
Nyborg,Southern Denmark,2017,343285.3333333333
Næstved,Zealand Region,2017,359401.0
Odder,Central Jutland,2017,392776.0
Odense,Southern Denmark,2017,334755.6666666667
Odsherred,Zealand Region,2017,334096.0
Randers,Central Jutland,2017,344781.3333333333
Rebild,North Jutland,2017,389324.3333333333
Ringkøbing-Skjern,Central Jutland,2017,367003.6666666667
Ringsted,Zealand Region,2017,375225.0
Roskilde,Zealand Region,2017,424099.6666666667
Rudersdal,Capital Region,2017,687860.3333333334
Rødovre,Capital Region,2017,369800.6666666667
Samsø,Central Jutland,2017,323861.3333333333
Silkeborg,Central Jutland,2017,396617.6666666667
Skanderborg,Central Jutland,2017,431629.6666666667
Skive,Central Jutland,2017,350195.3333333333
Slagelse,Zealand Region,2017,346804.6666666667
Solrød,Zealand Region,2017,473139.6666666667
Sorø,Zealand Region,2017,374439.0
Stevns,Zealand Region,2017,373384.6666666667
Struer,Central Jutland,2017,346251.3333333333
Svendborg,Southern Denmark,2017,352671.3333333333
Syddjurs,Central Jutland,2017,379191.0
Sønderborg,Southern Denmark,2017,347930.0
Thisted,North Jutland,2017,347012.0
Tårnby,Capital Region,2017,396739.6666666667
Tønder,Southern Denmark,2017,337175.3333333333
Vallensbæk,Capital Region,2017,418484.0
Varde,Southern Denmark,2017,362914.0
Vejen,Southern Denmark,2017,360847.6666666667
Vejle,Southern Denmark,2017,391980.0
Vesthimmerland,North Jutland,2017,338679.6666666667
Viborg,Central Jutland,2017,372007.0
Vordingborg,Zealand Region,2017,336426.0
Ærø,Southern Denmark,2017,309368.3333333333
Aabenraa,Southern Denmark,2018,353434.0
Aalborg,North Jutland,2018,351465.0
Aarhus,Central Jutland,2018,379328.3333333333
Albertslund,Capital Region,2018,349272.6666666667
Allerød,Capital Region,2018,527214.6666666666
Assens,Southern Denmark,2018,355606.6666666667
Ballerup,Capital Region,2018,393999.3333333333
Billund,Southern Denmark,2018,388788.0
Bornholm,Capital Region,2018,326724.0
Brøndby,Capital Region,2018,348781.3333333333
Brønderslev,North Jutland,2018,351151.0
Copenhagen,Capital Region,2018,361578.6666666667
Dragør,Capital Region,2018,523704.6666666667
Egedal,Capital Region,2018,472216.0
Esbjerg,Southern Denmark,2018,368234.0
Faaborg-Midtfyn,Southern Denmark,2018,355825.3333333333
Fanø,Southern Denmark,2018,397602.0
Favrskov,Central Jutland,2018,416208.6666666667
Faxe,Zealand Region,2018,367331.3333333333
Fredensborg,Capital Region,2018,474197.3333333333
Fredericia,Southern Denmark,2018,365722.0
Frederiksberg,Capital Region,2018,440374.0
Frederikshavn,North Jutland,2018,348903.6666666667
Frederikssund,Capital Region,2018,406439.6666666667
Furesø,Capital Region,2018,522997.6666666667
Gentofte,Capital Region,2018,718840.3333333334
Gladsaxe,Capital Region,2018,414629.0
Glostrup,Capital Region,2018,379574.6666666667
Greve,Zealand Region,2018,438739.0
Gribskov,Capital Region,2018,408393.0
Guldborgsund,Zealand Region,2018,328340.0
Haderslev,Southern Denmark,2018,350153.3333333333
Halsnæs,Capital Region,2018,368864.6666666667
Hedensted,Central Jutland,2018,396677.6666666667
Helsingør,Capital Region,2018,424092.3333333333
Herlev,Capital Region,2018,392364.6666666667
Herning,Central Jutland,2018,381603.6666666667
Hillerød,Capital Region,2018,441888.3333333333
Hjørring,North Jutland,2018,359429.6666666667
Holbæk,Zealand Region,2018,381779.6666666667
Holstebro,Central Jutland,2018,371534.6666666667
Horsens,Central Jutland,2018,378652.3333333333
Hvidovre,Capital Region,2018,379556.0
Høje-Taastrup,Capital Region,2018,374852.6666666667
Hørsholm,Capital Region,2018,628994.3333333334
Ikast-Brande,Central Jutland,2018,371193.0
Ishøj,Capital Region,2018,342434.0
Jammerbugt,North Jutland,2018,353856.3333333333
Kalundborg,Zealand Region,2018,365714.0
Kerteminde,Southern Denmark,2018,369192.3333333333
Kolding,Southern Denmark,2018,385436.6666666667
Køge,Zealand Region,2018,397873.0
Langeland,Southern Denmark,2018,303701.3333333333
Lejre,Zealand Region,2018,438903.0
Lemvig,Central Jutland,2018,364711.6666666667
Lolland,Zealand Region,2018,308400.6666666667
Lyngby-Taarbæk,Capital Region,2018,534723.0
Læsø,North Jutland,2018,315192.3333333333
Mariagerfjord,North Jutland,2018,358681.0
Middelfart,Southern Denmark,2018,394646.0
Morsø,North Jutland,2018,335170.0
Norddjurs,Central Jutland,2018,338259.3333333333
Nordfyns,Southern Denmark,2018,357292.6666666667
Nyborg,Southern Denmark,2018,355158.6666666667
Næstved,Zealand Region,2018,367035.6666666667
Odder,Central Jutland,2018,401525.6666666667
Odense,Southern Denmark,2018,343280.6666666667
Odsherred,Zealand Region,2018,340893.6666666667
Randers,Central Jutland,2018,355205.6666666667
Rebild,North Jutland,2018,401959.6666666667
Ringkøbing-Skjern,Central Jutland,2018,372107.6666666667
Ringsted,Zealand Region,2018,381039.0
Roskilde,Zealand Region,2018,435803.3333333333
Rudersdal,Capital Region,2018,694611.3333333334
Rødovre,Capital Region,2018,379405.0
Samsø,Central Jutland,2018,331471.0
Silkeborg,Central Jutland,2018,406353.3333333333
Skanderborg,Central Jutland,2018,443722.6666666667
Skive,Central Jutland,2018,356318.0
Slagelse,Zealand Region,2018,354388.3333333333
Solrød,Zealand Region,2018,482227.0
Sorø,Zealand Region,2018,381623.3333333333
Stevns,Zealand Region,2018,385229.3333333333
Struer,Central Jutland,2018,352970.6666666667
Svendborg,Southern Denmark,2018,358617.3333333333
Syddjurs,Central Jutland,2018,382240.0
Sønderborg,Southern Denmark,2018,356110.3333333333
Thisted,North Jutland,2018,352948.3333333333
Tårnby,Capital Region,2018,408308.3333333333
Tønder,Southern Denmark,2018,339319.0
Vallensbæk,Capital Region,2018,426309.6666666667
Varde,Southern Denmark,2018,367212.0
Vejen,Southern Denmark,2018,367808.0
Vejle,Southern Denmark,2018,399609.6666666667
Vesthimmerland,North Jutland,2018,344339.0
Viborg,Central Jutland,2018,380933.3333333333
Vordingborg,Zealand Region,2018,345122.0
Ærø,Southern Denmark,2018,313424.0
Aabenraa,Southern Denmark,2019,364652.6666666667
Aalborg,North Jutland,2019,359866.3333333333
Aarhus,Central Jutland,2019,387790.3333333333
Albertslund,Capital Region,2019,354489.6666666667
Allerød,Capital Region,2019,549719.0
Assens,Southern Denmark,2019,369890.0
Ballerup,Capital Region,2019,404768.3333333333
Billund,Southern Denmark,2019,398806.0
Bornholm,Capital Region,2019,340062.3333333333
Brøndby,Capital Region,2019,354840.0
Brønderslev,North Jutland,2019,367431.6666666667
Copenhagen,Capital Region,2019,375453.0
Dragør,Capital Region,2019,539870.6666666666
Egedal,Capital Region,2019,477295.3333333333
Esbjerg,Southern Denmark,2019,379700.6666666667
Faaborg-Midtfyn,Southern Denmark,2019,365093.3333333333
Fanø,Southern Denmark,2019,404621.3333333333
Favrskov,Central Jutland,2019,428224.3333333333
Faxe,Zealand Region,2019,377362.0
Fredensborg,Capital Region,2019,491729.6666666667
Fredericia,Southern Denmark,2019,377509.0
Frederiksberg,Capital Region,2019,456590.6666666667
Frederikshavn,North Jutland,2019,360684.0
Frederikssund,Capital Region,2019,414934.6666666667
Furesø,Capital Region,2019,541465.6666666666
Gentofte,Capital Region,2019,787246.3333333334
Gladsaxe,Capital Region,2019,429249.3333333333
Glostrup,Capital Region,2019,388524.6666666667
Greve,Zealand Region,2019,446215.6666666667
Gribskov,Capital Region,2019,416524.3333333333
Guldborgsund,Zealand Region,2019,338835.3333333333
Haderslev,Southern Denmark,2019,362098.3333333333
Halsnæs,Capital Region,2019,376558.3333333333
Hedensted,Central Jutland,2019,406377.3333333333
Helsingør,Capital Region,2019,438119.6666666667
Herlev,Capital Region,2019,401393.0
Herning,Central Jutland,2019,393442.0
Hillerød,Capital Region,2019,455316.3333333333
Hjørring,North Jutland,2019,368405.0
Holbæk,Zealand Region,2019,393507.0
Holstebro,Central Jutland,2019,383871.6666666667
Horsens,Central Jutland,2019,390988.6666666667
Hvidovre,Capital Region,2019,390635.0
Høje-Taastrup,Capital Region,2019,385207.3333333333
Hørsholm,Capital Region,2019,657310.6666666666
Ikast-Brande,Central Jutland,2019,393208.0
Ishøj,Capital Region,2019,348970.3333333333
Jammerbugt,North Jutland,2019,366533.0
Kalundborg,Zealand Region,2019,376955.0
Kerteminde,Southern Denmark,2019,380193.3333333333
Kolding,Southern Denmark,2019,396445.3333333333
Køge,Zealand Region,2019,408782.0
Langeland,Southern Denmark,2019,318561.0
Lejre,Zealand Region,2019,446826.6666666667
Lemvig,Central Jutland,2019,385789.0
Lolland,Zealand Region,2019,317962.3333333333
Lyngby-Taarbæk,Capital Region,2019,557479.3333333334
Læsø,North Jutland,2019,327495.3333333333
Mariagerfjord,North Jutland,2019,373301.3333333333
Middelfart,Southern Denmark,2019,414836.6666666667
Morsø,North Jutland,2019,354371.6666666667
Norddjurs,Central Jutland,2019,346867.3333333333
Nordfyns,Southern Denmark,2019,366726.6666666667
Nyborg,Southern Denmark,2019,363419.0
Næstved,Zealand Region,2019,378819.0
Odder,Central Jutland,2019,416308.6666666667
Odense,Southern Denmark,2019,351809.3333333333
Odsherred,Zealand Region,2019,350309.3333333333
Randers,Central Jutland,2019,366423.6666666667
Rebild,North Jutland,2019,416188.0
Ringkøbing-Skjern,Central Jutland,2019,387037.3333333333
Ringsted,Zealand Region,2019,392295.6666666667
Roskilde,Zealand Region,2019,451405.0
Rudersdal,Capital Region,2019,742659.0
Rødovre,Capital Region,2019,388661.6666666667
Samsø,Central Jutland,2019,348291.3333333333
Silkeborg,Central Jutland,2019,417691.3333333333
Skanderborg,Central Jutland,2019,460006.0
Skive,Central Jutland,2019,368885.3333333333
Slagelse,Zealand Region,2019,363006.6666666667
Solrød,Zealand Region,2019,511484.6666666667
Sorø,Zealand Region,2019,396742.6666666667
Stevns,Zealand Region,2019,398974.6666666667
Struer,Central Jutland,2019,365474.0
Svendborg,Southern Denmark,2019,375425.0
Syddjurs,Central Jutland,2019,398998.3333333333
Sønderborg,Southern Denmark,2019,367495.6666666667
Thisted,North Jutland,2019,368876.0
Tårnby,Capital Region,2019,419197.3333333333
Tønder,Southern Denmark,2019,356938.6666666667
Vallensbæk,Capital Region,2019,435563.3333333333
Varde,Southern Denmark,2019,381155.6666666667
Vejen,Southern Denmark,2019,379120.6666666667
Vejle,Southern Denmark,2019,415035.3333333333
Vesthimmerland,North Jutland,2019,359561.3333333333
Viborg,Central Jutland,2019,391981.6666666667
Vordingborg,Zealand Region,2019,354078.3333333333
Ærø,Southern Denmark,2019,322137.6666666667
Aabenraa,Southern Denmark,2020,380209.0
Aalborg,North Jutland,2020,376285.3333333333
Aarhus,Central Jutland,2020,404414.6666666667
Albertslund,Capital Region,2020,370006.6666666667
Allerød,Capital Region,2020,561152.0
Assens,Southern Denmark,2020,383413.6666666667
Ballerup,Capital Region,2020,421486.3333333333
Billund,Southern Denmark,2020,414183.3333333333
Bornholm,Capital Region,2020,350786.3333333333
Brøndby,Capital Region,2020,370583.6666666667
Brønderslev,North Jutland,2020,386318.6666666667
Copenhagen,Capital Region,2020,393663.6666666667
Dragør,Capital Region,2020,556357.0
Egedal,Capital Region,2020,498478.3333333333
Esbjerg,Southern Denmark,2020,393226.3333333333
Faaborg-Midtfyn,Southern Denmark,2020,381565.0
Fanø,Southern Denmark,2020,420484.0
Favrskov,Central Jutland,2020,449605.0
Faxe,Zealand Region,2020,396638.0
Fredensborg,Capital Region,2020,504667.3333333333
Fredericia,Southern Denmark,2020,392035.6666666667
Frederiksberg,Capital Region,2020,480061.0
Frederikshavn,North Jutland,2020,374584.3333333333
Frederikssund,Capital Region,2020,434039.6666666667
Furesø,Capital Region,2020,557873.0
Gentofte,Capital Region,2020,785724.3333333334
Gladsaxe,Capital Region,2020,453867.3333333333
Glostrup,Capital Region,2020,407453.6666666667
Greve,Zealand Region,2020,466533.0
Gribskov,Capital Region,2020,439708.6666666667
Guldborgsund,Zealand Region,2020,356928.3333333333
Haderslev,Southern Denmark,2020,377098.3333333333
Halsnæs,Capital Region,2020,395043.6666666667
Hedensted,Central Jutland,2020,424811.0
Helsingør,Capital Region,2020,460255.6666666667
Herlev,Capital Region,2020,427799.3333333333
Herning,Central Jutland,2020,414914.6666666667
Hillerød,Capital Region,2020,474026.3333333333
Hjørring,North Jutland,2020,384748.0
Holbæk,Zealand Region,2020,411311.6666666667
Holstebro,Central Jutland,2020,401562.0
Horsens,Central Jutland,2020,407879.0
Hvidovre,Capital Region,2020,407630.6666666667
Høje-Taastrup,Capital Region,2020,398791.6666666667
Hørsholm,Capital Region,2020,708107.6666666666
Ikast-Brande,Central Jutland,2020,424574.0
Ishøj,Capital Region,2020,364820.6666666667
Jammerbugt,North Jutland,2020,384450.6666666667
Kalundborg,Zealand Region,2020,390999.3333333333
Kerteminde,Southern Denmark,2020,392939.6666666667
Kolding,Southern Denmark,2020,418637.6666666667
Køge,Zealand Region,2020,430893.3333333333
Langeland,Southern Denmark,2020,340035.0
Lejre,Zealand Region,2020,463643.3333333333
Lemvig,Central Jutland,2020,406310.6666666667
Lolland,Zealand Region,2020,330777.6666666667
Lyngby-Taarbæk,Capital Region,2020,577207.3333333334
Læsø,North Jutland,2020,338138.6666666667
Mariagerfjord,North Jutland,2020,390000.0
Middelfart,Southern Denmark,2020,432931.3333333333
Morsø,North Jutland,2020,365478.0
Norddjurs,Central Jutland,2020,364596.6666666667
Nordfyns,Southern Denmark,2020,379912.3333333333
Nyborg,Southern Denmark,2020,381028.0
Næstved,Zealand Region,2020,396372.0
Odder,Central Jutland,2020,436959.0
Odense,Southern Denmark,2020,366275.0
Odsherred,Zealand Region,2020,365204.3333333333
Randers,Central Jutland,2020,383193.0
Rebild,North Jutland,2020,436886.0
Ringkøbing-Skjern,Central Jutland,2020,404275.6666666667
Ringsted,Zealand Region,2020,411950.0
Roskilde,Zealand Region,2020,471354.3333333333
Rudersdal,Capital Region,2020,759382.0
Rødovre,Capital Region,2020,409760.3333333333
Samsø,Central Jutland,2020,369140.3333333333
Silkeborg,Central Jutland,2020,438698.3333333333
Skanderborg,Central Jutland,2020,485785.0
Skive,Central Jutland,2020,391148.6666666667
Slagelse,Zealand Region,2020,376554.0
Solrød,Zealand Region,2020,527006.0
Sorø,Zealand Region,2020,409096.3333333333
Stevns,Zealand Region,2020,410934.3333333333
Struer,Central Jutland,2020,378810.6666666667
Svendborg,Southern Denmark,2020,392830.3333333333
Syddjurs,Central Jutland,2020,416211.0
Sønderborg,Southern Denmark,2020,381108.6666666667
Thisted,North Jutland,2020,384114.0
Tårnby,Capital Region,2020,440243.6666666667
Tønder,Southern Denmark,2020,366607.3333333333
Vallensbæk,Capital Region,2020,460079.0
Varde,Southern Denmark,2020,397851.0
Vejen,Southern Denmark,2020,397199.0
Vejle,Southern Denmark,2020,433099.0
Vesthimmerland,North Jutland,2020,371636.0
Viborg,Central Jutland,2020,409615.3333333333
Vordingborg,Zealand Region,2020,372976.6666666667
Ærø,Southern Denmark,2020,336656.3333333333
Aabenraa,Southern Denmark,2021,396367.3333333333
Aalborg,North Jutland,2021,392941.3333333333
Aarhus,Central Jutland,2021,424579.0
Albertslund,Capital Region,2021,386781.3333333333
Allerød,Capital Region,2021,591640.3333333334
Assens,Southern Denmark,2021,398646.6666666667
Ballerup,Capital Region,2021,438722.3333333333
Billund,Southern Denmark,2021,433581.3333333333
Bornholm,Capital Region,2021,362634.0
Brøndby,Capital Region,2021,383494.0
Brønderslev,North Jutland,2021,403968.6666666667
Copenhagen,Capital Region,2021,419274.3333333333
Dragør,Capital Region,2021,586147.3333333334
Egedal,Capital Region,2021,527427.6666666666
Esbjerg,Southern Denmark,2021,414190.6666666667
Faaborg-Midtfyn,Southern Denmark,2021,395295.3333333333
Fanø,Southern Denmark,2021,443753.0
Favrskov,Central Jutland,2021,470739.0
Faxe,Zealand Region,2021,409746.6666666667
Fredensborg,Capital Region,2021,541999.6666666666
Fredericia,Southern Denmark,2021,409747.0
Frederiksberg,Capital Region,2021,511208.0
Frederikshavn,North Jutland,2021,388490.3333333333
Frederikssund,Capital Region,2021,449992.3333333333
Furesø,Capital Region,2021,587433.0
Gentofte,Capital Region,2021,893424.3333333334
Gladsaxe,Capital Region,2021,474001.0
Glostrup,Capital Region,2021,425724.0
Greve,Zealand Region,2021,484932.6666666667
Gribskov,Capital Region,2021,456989.3333333333
Guldborgsund,Zealand Region,2021,375970.0
Haderslev,Southern Denmark,2021,392382.6666666667
Halsnæs,Capital Region,2021,409246.6666666667
Hedensted,Central Jutland,2021,442159.6666666667
Helsingør,Capital Region,2021,486562.0
Herlev,Capital Region,2021,439882.6666666667
Herning,Central Jutland,2021,430240.6666666667
Hillerød,Capital Region,2021,493993.6666666667
Hjørring,North Jutland,2021,399644.3333333333
Holbæk,Zealand Region,2021,432605.6666666667
Holstebro,Central Jutland,2021,427166.3333333333
Horsens,Central Jutland,2021,423264.6666666667
Hvidovre,Capital Region,2021,426758.0
Høje-Taastrup,Capital Region,2021,415065.6666666667
Hørsholm,Capital Region,2021,725319.6666666666
Ikast-Brande,Central Jutland,2021,414560.6666666667
Ishøj,Capital Region,2021,380444.0
Jammerbugt,North Jutland,2021,405860.0
Kalundborg,Zealand Region,2021,410675.0
Kerteminde,Southern Denmark,2021,421152.3333333333
Kolding,Southern Denmark,2021,436718.3333333333
Køge,Zealand Region,2021,445794.0
Langeland,Southern Denmark,2021,342923.6666666667
Lejre,Zealand Region,2021,485849.0
Lemvig,Central Jutland,2021,425369.3333333333
Lolland,Zealand Region,2021,350181.0
Lyngby-Taarbæk,Capital Region,2021,624304.6666666666
Læsø,North Jutland,2021,365750.6666666667
Mariagerfjord,North Jutland,2021,405417.6666666667
Middelfart,Southern Denmark,2021,447733.0
Morsø,North Jutland,2021,376935.3333333333
Norddjurs,Central Jutland,2021,377215.0
Nordfyns,Southern Denmark,2021,394164.6666666667
Nyborg,Southern Denmark,2021,397142.0
Næstved,Zealand Region,2021,414204.0
Odder,Central Jutland,2021,451780.0
Odense,Southern Denmark,2021,385140.3333333333
Odsherred,Zealand Region,2021,381641.3333333333
Randers,Central Jutland,2021,396713.3333333333
Rebild,North Jutland,2021,455133.3333333333
Ringkøbing-Skjern,Central Jutland,2021,423877.3333333333
Ringsted,Zealand Region,2021,430659.0
Roskilde,Zealand Region,2021,494767.6666666667
Rudersdal,Capital Region,2021,831674.6666666666
Rødovre,Capital Region,2021,427075.0
Samsø,Central Jutland,2021,382720.3333333333
Silkeborg,Central Jutland,2021,459593.3333333333
Skanderborg,Central Jutland,2021,504906.0
Skive,Central Jutland,2021,401989.0
Slagelse,Zealand Region,2021,397222.0
Solrød,Zealand Region,2021,547092.6666666666
Sorø,Zealand Region,2021,430129.0
Stevns,Zealand Region,2021,428357.0
Struer,Central Jutland,2021,398042.3333333333
Svendborg,Southern Denmark,2021,412536.3333333333
Syddjurs,Central Jutland,2021,444618.6666666667
Sønderborg,Southern Denmark,2021,398363.0
Thisted,North Jutland,2021,399356.6666666667
Tårnby,Capital Region,2021,458121.6666666667
Tønder,Southern Denmark,2021,380730.3333333333
Vallensbæk,Capital Region,2021,478311.3333333333
Varde,Southern Denmark,2021,416555.6666666667
Vejen,Southern Denmark,2021,415519.3333333333
Vejle,Southern Denmark,2021,455556.0
Vesthimmerland,North Jutland,2021,401567.6666666667
Viborg,Central Jutland,2021,427683.0
Vordingborg,Zealand Region,2021,388467.0
Ærø,Southern Denmark,2021,349446.3333333333
Aabenraa,Southern Denmark,2022,403169.3333333333
Aalborg,North Jutland,2022,398049.6666666667
Aarhus,Central Jutland,2022,423823.3333333333
Albertslund,Capital Region,2022,389872.3333333333
Allerød,Capital Region,2022,595009.3333333334
Assens,Southern Denmark,2022,400275.6666666667
Ballerup,Capital Region,2022,440099.3333333333
Billund,Southern Denmark,2022,440457.3333333333
Bornholm,Capital Region,2022,362519.3333333333
Brøndby,Capital Region,2022,385695.0
Brønderslev,North Jutland,2022,406016.6666666667
Copenhagen,Capital Region,2022,419209.3333333333
Dragør,Capital Region,2022,590710.3333333334
Egedal,Capital Region,2022,514250.3333333333
Esbjerg,Southern Denmark,2022,416022.0
Faaborg-Midtfyn,Southern Denmark,2022,401756.3333333333
Fanø,Southern Denmark,2022,435742.6666666667
Favrskov,Central Jutland,2022,472007.3333333333
Faxe,Zealand Region,2022,413958.3333333333
Fredensborg,Capital Region,2022,519184.6666666667
Fredericia,Southern Denmark,2022,413085.0
Frederiksberg,Capital Region,2022,502172.3333333333
Frederikshavn,North Jutland,2022,394945.0
Frederikssund,Capital Region,2022,454313.6666666667
Furesø,Capital Region,2022,581215.3333333334
Gentofte,Capital Region,2022,872606.3333333334
Gladsaxe,Capital Region,2022,474603.3333333333
Glostrup,Capital Region,2022,427269.3333333333
Greve,Zealand Region,2022,482075.3333333333
Gribskov,Capital Region,2022,456514.3333333333
Guldborgsund,Zealand Region,2022,377170.0
Haderslev,Southern Denmark,2022,396005.3333333333
Halsnæs,Capital Region,2022,409178.6666666667
Hedensted,Central Jutland,2022,448243.6666666667
Helsingør,Capital Region,2022,477365.0
Herlev,Capital Region,2022,438917.6666666667
Herning,Central Jutland,2022,435240.0
Hillerød,Capital Region,2022,492869.3333333333
Hjørring,North Jutland,2022,401149.3333333333
Holbæk,Zealand Region,2022,434921.6666666667
Holstebro,Central Jutland,2022,426231.3333333333
Horsens,Central Jutland,2022,424147.3333333333
Hvidovre,Capital Region,2022,431541.6666666667
Høje-Taastrup,Capital Region,2022,412895.0
Hørsholm,Capital Region,2022,713231.6666666666
Ikast-Brande,Central Jutland,2022,421180.6666666667
Ishøj,Capital Region,2022,383894.0
Jammerbugt,North Jutland,2022,404317.0
Kalundborg,Zealand Region,2022,419165.0
Kerteminde,Southern Denmark,2022,417230.0
Kolding,Southern Denmark,2022,434222.3333333333
Køge,Zealand Region,2022,446539.3333333333
Langeland,Southern Denmark,2022,350287.3333333333
Lejre,Zealand Region,2022,485372.3333333333
Lemvig,Central Jutland,2022,430831.0
Lolland,Zealand Region,2022,354474.0
Lyngby-Taarbæk,Capital Region,2022,606330.0
Læsø,North Jutland,2022,344803.0
Mariagerfjord,North Jutland,2022,412580.0
Middelfart,Southern Denmark,2022,457110.3333333333
Morsø,North Jutland,2022,391516.6666666667
Norddjurs,Central Jutland,2022,386005.0
Nordfyns,Southern Denmark,2022,400106.6666666667
Nyborg,Southern Denmark,2022,399930.6666666667
Næstved,Zealand Region,2022,414543.3333333333
Odder,Central Jutland,2022,451324.3333333333
Odense,Southern Denmark,2022,385739.6666666667
Odsherred,Zealand Region,2022,384290.0
Randers,Central Jutland,2022,402678.6666666667
Rebild,North Jutland,2022,465612.3333333333
Ringkøbing-Skjern,Central Jutland,2022,424806.0
Ringsted,Zealand Region,2022,431574.6666666667
Roskilde,Zealand Region,2022,493331.6666666667
Rudersdal,Capital Region,2022,784951.6666666666
Rødovre,Capital Region,2022,427867.3333333333
Samsø,Central Jutland,2022,370818.6666666667
Silkeborg,Central Jutland,2022,462421.0
Skanderborg,Central Jutland,2022,503491.0
Skive,Central Jutland,2022,409094.0
Slagelse,Zealand Region,2022,402405.3333333333
Solrød,Zealand Region,2022,535305.3333333334
Sorø,Zealand Region,2022,431100.0
Stevns,Zealand Region,2022,433238.6666666667
Struer,Central Jutland,2022,403236.3333333333
Svendborg,Southern Denmark,2022,414700.3333333333
Syddjurs,Central Jutland,2022,429104.0
Sønderborg,Southern Denmark,2022,399135.3333333333
Thisted,North Jutland,2022,404049.6666666667
Tårnby,Capital Region,2022,462904.3333333333
Tønder,Southern Denmark,2022,397171.6666666667
Vallensbæk,Capital Region,2022,472164.0
Varde,Southern Denmark,2022,422634.3333333333
Vejen,Southern Denmark,2022,421416.0
Vejle,Southern Denmark,2022,454159.6666666667
Vesthimmerland,North Jutland,2022,404626.0
Viborg,Central Jutland,2022,431781.6666666667
Vordingborg,Zealand Region,2022,398132.0
Ærø,Southern Denmark,2022,347889.6666666667
Aabenraa,Southern Denmark,2023,412758.6666666667
Aalborg,North Jutland,2023,414551.0
Aarhus,Central Jutland,2023,439511.0
Albertslund,Capital Region,2023,406252.6666666667
Allerød,Capital Region,2023,608622.3333333334
Assens,Southern Denmark,2023,414751.0
Ballerup,Capital Region,2023,462326.6666666667
Billund,Southern Denmark,2023,661124.3333333334
Bornholm,Capital Region,2023,379627.0
Brøndby,Capital Region,2023,398773.6666666667
Brønderslev,North Jutland,2023,417332.0
Copenhagen,Capital Region,2023,444489.3333333333
Dragør,Capital Region,2023,621082.0
Egedal,Capital Region,2023,541249.0
Esbjerg,Southern Denmark,2023,433029.6666666667
Faaborg-Midtfyn,Southern Denmark,2023,413373.6666666667
Fanø,Southern Denmark,2023,445421.0
Favrskov,Central Jutland,2023,485127.3333333333
Faxe,Zealand Region,2023,427214.3333333333
Fredensborg,Capital Region,2023,550826.0
Fredericia,Southern Denmark,2023,427564.3333333333
Frederiksberg,Capital Region,2023,530505.0
Frederikshavn,North Jutland,2023,407399.0
Frederikssund,Capital Region,2023,467642.3333333333
Furesø,Capital Region,2023,619632.0
Gentofte,Capital Region,2023,1008805.0
Gladsaxe,Capital Region,2023,503998.3333333333
Glostrup,Capital Region,2023,442074.6666666667
Greve,Zealand Region,2023,506002.0
Gribskov,Capital Region,2023,472444.6666666667
Guldborgsund,Zealand Region,2023,388890.6666666667
Haderslev,Southern Denmark,2023,407556.6666666667
Halsnæs,Capital Region,2023,427414.6666666667
Hedensted,Central Jutland,2023,455639.0
Helsingør,Capital Region,2023,497936.3333333333
Herlev,Capital Region,2023,463303.6666666667
Herning,Central Jutland,2023,445474.3333333333
Hillerød,Capital Region,2023,512780.3333333333
Hjørring,North Jutland,2023,413844.3333333333
Holbæk,Zealand Region,2023,449978.6666666667
Holstebro,Central Jutland,2023,436944.3333333333
Horsens,Central Jutland,2023,433769.3333333333
Hvidovre,Capital Region,2023,452093.6666666667
Høje-Taastrup,Capital Region,2023,429114.3333333333
Hørsholm,Capital Region,2023,738002.0
Ikast-Brande,Central Jutland,2023,426259.3333333333
Ishøj,Capital Region,2023,401193.0
Jammerbugt,North Jutland,2023,410261.0
Kalundborg,Zealand Region,2023,438911.3333333333
Kerteminde,Southern Denmark,2023,435589.6666666667
Kolding,Southern Denmark,2023,449470.0
Køge,Zealand Region,2023,465224.0
Langeland,Southern Denmark,2023,365419.6666666667
Lejre,Zealand Region,2023,500751.6666666667
Lemvig,Central Jutland,2023,444761.3333333333
Lolland,Zealand Region,2023,368683.0
Lyngby-Taarbæk,Capital Region,2023,673711.6666666666
Læsø,North Jutland,2023,368908.0
Mariagerfjord,North Jutland,2023,422829.6666666667
Middelfart,Southern Denmark,2023,468068.0
Morsø,North Jutland,2023,394264.3333333333
Norddjurs,Central Jutland,2023,395154.3333333333
Nordfyns,Southern Denmark,2023,411210.6666666667
Nyborg,Southern Denmark,2023,418554.3333333333
Næstved,Zealand Region,2023,426782.0
Odder,Central Jutland,2023,466966.0
Odense,Southern Denmark,2023,406461.0
Odsherred,Zealand Region,2023,396623.6666666667
Randers,Central Jutland,2023,413374.6666666667
Rebild,North Jutland,2023,479895.0
Ringkøbing-Skjern,Central Jutland,2023,437352.3333333333
Ringsted,Zealand Region,2023,446045.6666666667
Roskilde,Zealand Region,2023,523199.0
Rudersdal,Capital Region,2023,850566.3333333334
Rødovre,Capital Region,2023,448030.3333333333
Samsø,Central Jutland,2023,386252.3333333333
Silkeborg,Central Jutland,2023,476172.3333333333
Skanderborg,Central Jutland,2023,518137.0
Skive,Central Jutland,2023,416918.0
Slagelse,Zealand Region,2023,408623.3333333333
Solrød,Zealand Region,2023,566898.0
Sorø,Zealand Region,2023,446236.0
Stevns,Zealand Region,2023,443824.3333333333
Struer,Central Jutland,2023,410554.6666666667
Svendborg,Southern Denmark,2023,427130.3333333333
Syddjurs,Central Jutland,2023,440788.6666666667
Sønderborg,Southern Denmark,2023,410703.6666666667
Thisted,North Jutland,2023,406235.6666666667
Tårnby,Capital Region,2023,487039.3333333333
Tønder,Southern Denmark,2023,398183.0
Vallensbæk,Capital Region,2023,487804.3333333333
Varde,Southern Denmark,2023,431934.3333333333
Vejen,Southern Denmark,2023,614438.3333333334
Vejle,Southern Denmark,2023,471389.3333333333
Vesthimmerland,North Jutland,2023,409353.0
Viborg,Central Jutland,2023,435999.6666666667
Vordingborg,Zealand Region,2023,400526.3333333333
Ærø,Southern Denmark,2023,356355.6666666667
Aabenraa,Southern Denmark,2024,428860.3333333333
Aalborg,North Jutland,2024,431800.6666666667
Aarhus,Central Jutland,2024,456898.3333333333
Albertslund,Capital Region,2024,417284.3333333333
Allerød,Capital Region,2024,629271.3333333334
Assens,Southern Denmark,2024,420075.6666666667
Ballerup,Capital Region,2024,473557.0
Billund,Southern Denmark,2024,477838.6666666667
Bornholm,Capital Region,2024,390730.0
Brøndby,Capital Region,2024,413598.3333333333
Brønderslev,North Jutland,2024,426060.0
Copenhagen,Capital Region,2024,473218.6666666667
Dragør,Capital Region,2024,636765.0
Egedal,Capital Region,2024,549676.6666666666
Esbjerg,Southern Denmark,2024,450356.0
Faaborg-Midtfyn,Southern Denmark,2024,421671.0
Fanø,Southern Denmark,2024,451023.0
Favrskov,Central Jutland,2024,489993.0
Faxe,Zealand Region,2024,433629.3333333333
Fredensborg,Capital Region,2024,577254.0
Fredericia,Southern Denmark,2024,440805.6666666667
Frederiksberg,Capital Region,2024,556530.6666666666
Frederikshavn,North Jutland,2024,420256.6666666667
Frederikssund,Capital Region,2024,473019.3333333333
Furesø,Capital Region,2024,630426.0
Gentofte,Capital Region,2024,974135.6666666666
Gladsaxe,Capital Region,2024,520347.3333333333
Glostrup,Capital Region,2024,458829.3333333333
Greve,Zealand Region,2024,518801.6666666667
Gribskov,Capital Region,2024,481954.6666666667
Guldborgsund,Zealand Region,2024,396069.6666666667
Haderslev,Southern Denmark,2024,413902.3333333333
Halsnæs,Capital Region,2024,438877.6666666667
Hedensted,Central Jutland,2024,465727.6666666667
Helsingør,Capital Region,2024,515631.0
Herlev,Capital Region,2024,485942.6666666667
Herning,Central Jutland,2024,455578.0
Hillerød,Capital Region,2024,537738.6666666666
Hjørring,North Jutland,2024,421572.6666666667
Holbæk,Zealand Region,2024,461350.0
Holstebro,Central Jutland,2024,448652.0
Horsens,Central Jutland,2024,447478.0
Hvidovre,Capital Region,2024,474445.6666666667
Høje-Taastrup,Capital Region,2024,444733.0
Hørsholm,Capital Region,2024,760604.0
Ikast-Brande,Central Jutland,2024,443206.6666666667
Ishøj,Capital Region,2024,412798.0
Jammerbugt,North Jutland,2024,421106.3333333333
Kalundborg,Zealand Region,2024,447125.0
Kerteminde,Southern Denmark,2024,441612.0
Kolding,Southern Denmark,2024,458616.0
Køge,Zealand Region,2024,487821.6666666667
Langeland,Southern Denmark,2024,363779.6666666667
Lejre,Zealand Region,2024,516267.0
Lemvig,Central Jutland,2024,454472.0
Lolland,Zealand Region,2024,375788.6666666667
Lyngby-Taarbæk,Capital Region,2024,676190.6666666666
Læsø,North Jutland,2024,372688.3333333333
Mariagerfjord,North Jutland,2024,432727.6666666667
Middelfart,Southern Denmark,2024,477436.0
Morsø,North Jutland,2024,405066.6666666667
Norddjurs,Central Jutland,2024,403929.6666666667
Nordfyns,Southern Denmark,2024,419328.3333333333
Nyborg,Southern Denmark,2024,422968.6666666667
Næstved,Zealand Region,2024,435174.6666666667
Odder,Central Jutland,2024,465993.0
Odense,Southern Denmark,2024,419040.0
Odsherred,Zealand Region,2024,402226.0
Randers,Central Jutland,2024,423082.0
Rebild,North Jutland,2024,494465.6666666667
Ringkøbing-Skjern,Central Jutland,2024,453118.6666666667
Ringsted,Zealand Region,2024,458005.0
Roskilde,Zealand Region,2024,545148.6666666666
Rudersdal,Capital Region,2024,913911.3333333334
Rødovre,Capital Region,2024,465512.0
Samsø,Central Jutland,2024,387459.3333333333
Silkeborg,Central Jutland,2024,486105.0
Skanderborg,Central Jutland,2024,527927.6666666666
Skive,Central Jutland,2024,428346.3333333333
Slagelse,Zealand Region,2024,419665.6666666667
Solrød,Zealand Region,2024,574714.6666666666
Sorø,Zealand Region,2024,458987.6666666667
Stevns,Zealand Region,2024,457897.0
Struer,Central Jutland,2024,421145.3333333333
Svendborg,Southern Denmark,2024,434737.6666666667
Syddjurs,Central Jutland,2024,450283.0
Sønderborg,Southern Denmark,2024,420716.3333333333
Thisted,North Jutland,2024,418048.6666666667
Tårnby,Capital Region,2024,503867.6666666667
Tønder,Southern Denmark,2024,408288.0
Vallensbæk,Capital Region,2024,500760.6666666667
Varde,Southern Denmark,2024,447332.0
Vejen,Southern Denmark,2024,603961.6666666666
Vejle,Southern Denmark,2024,486026.3333333333
Vesthimmerland,North Jutland,2024,416926.6666666667
Viborg,Central Jutland,2024,447502.0
Vordingborg,Zealand Region,2024,409744.3333333333
Ærø,Southern Denmark,2024,366094.0
