;2008;2009;2010;2011;2012;2013;2014;2015;2016;2017;2018;2019;2020;2021;2022;2023;2024
All Denmark;172843;175741;187260;190809;194895;198963;203818;208404;210548;215469;221156;228197;237440;247712;249372;262108;272720
Copenhagen;161620;164346;173274;177459;179980;184170;189717;194914;198238;202436;208977;215678;224391;237444;240609;253967;270999
Frederiksberg;185612;190458;202882;207600;210347;216115;224203;230370;233262;241056;249641;260713;274286;285297;278101;295695;309901
Dragør;224748;220063;237581;255417;254571;256163;259262;267607;272244;276679;294278;307687;309159;322940;332619;334670;351186
Tårnby;187282;189140;200925;204890;208551;212681;217300;221634;223632;228953;234601;238892;249905;258607;265047;273717;290291
Albertslund;174767;175743;184331;181444;185581;186374;190562;195088;197296;201079;207623;210327;218638;229513;233538;243429;250490
Ballerup;180945;182362;191123;196879;199268;203998;211244;217546;220467;223358;230822;235266;242405;250341;253495;262852;273966
Brøndby;177658;180218;188221;193048;193150;194338;196771;196420;201542;204033;211773;214542;220126;227611;231207;239136;250559
Gentofte;241852;257790;269888;284345;297575;287790;300082;313300;315877;317541;331931;367496;365949;394865;366114;418060;457353
Gladsaxe;183555;184789;197325;201208;204257;208929;213270;216459;219437;223852;229349;237770;250461;261471;261885;277728;287605
Glostrup;182874;185321;197192;197210;200462;203112;207246;209673;213283;217321;223310;227995;237883;246105;246471;254454;268051
Herlev;180796;185763;194529;197548;202204;213234;211867;214876;216551;220702;228133;234290;242330;250325;251541;264300;273695
Hvidovre;177235;179165;188707;190255;193419;198042;201548;204385;206891;210022;216107;221919;230483;240109;244510;254822;268939
Høje-Taastrup;183384;189740;195733;198863;201665;203799;208128;210476;213687;218705;222569;229519;237006;247735;248065;259496;270710
Ishøj;176342;174912;185804;189130;192486;193718;195769;199257;201232;203162;209458;211304;219055;229031;231017;241312;248853
Lyngby-Taarbæk;207768;202533;219271;228825;238811;243765;250685;287010;262667;261683;281900;289493;287278;301412;309119;360848;332914
Rødovre;180127;182028;192305;194500;196148;201304;205360;210389;214072;216480;222335;229017;236201;247452;248087;258267;270449
Vallensbæk;201567;202407;219115;222262;229646;235449;241199;241557;241960;243632;249037;249619;267221;275928;273063;287092;290069
Allerød;217430;216221;243407;252636;252527;264258;270548;276605;285452;289632;288919;302336;306883;321657;333909;333480;352082
Egedal;210164;208250;231343;233429;241746;247640;254874;262463;258244;266136;268205;272854;285942;316260;297163;308807;319814
Fredensborg;206226;205858;222459;223014;228796;235794;250750;255740;262807;269524;271329;285893;288945;314849;299048;320392;338444
Frederikssund;188785;190288;203239;207360;211666;218461;220947;227949;229600;234181;240949;247341;258584;266377;278302;279222;277298
Furesø;218330;216250;231978;239930;246150;245346;262644;265062;268480;275459;277380;287126;304109;316880;314846;333095;340094
Gribskov;196203;192548;211327;212767;216904;221543;229758;233995;235741;240556;247257;251258;265078;276266;280010;284564;291242
Halsnæs;184527;180466;192598;194589;200149;204611;210611;216204;217898;222893;229917;236069;243254;253211;258109;264596;272269
Helsingør;188688;188746;204104;208182;214286;220034;225406;229660;232258;240850;241920;250273;263495;276688;276120;282706;295211
Hillerød;194453;192443;209769;215045;220680;225123;221462;247066;242126;239869;246955;254776;266535;276347;287630;293304;305679
Hørsholm;243474;231745;284582;287027;292178;291055;305296;311672;311975;330802;325761;359476;371727;359657;342497;375875;385645
Rudersdal;228330;232226;259761;272616;284793;296561;315023;320800;321418;336569;343653;373089;392376;399035;363675;414379;481937
Bornholm;160065;165884;178521;179811;184516;188086;191132;193221;195595;203280;207001;213303;220502;229316;233410;240012;248511
Greve;202030;198235;215083;221301;228595;235415;237600;241656;242639;245950;251418;252183;265688;275801;272459;285039;295223
Køge;185698;184356;196360;200404;204770;208599;216605;220726;222879;226066;235160;241827;255052;260198;259286;271320;283105
Lejre;199207;195142;213344;211509;219987;227132;234613;235116;237367;243360;253516;258786;268321;279994;283343;290628;304089
Roskilde;184913;185223;197115;199297;205247;208362;214309;216052;223134;231310;236622;244850;256308;267852;269219;286001;298513
Solrød;210729;202383;219979;228990;237945;244429;250249;262822;262658;271897;277889;310873;313800;314397;306414;329748;334388
Faxe;175519;178245;192629;193999;204602;201493;206522;209034;209792;213750;225549;228101;242083;245890;253547;260376;264209
Guldborgsund;160882;165171;178685;179174;185514;189358;193583;193823;195569;198914;205486;210266;219952;230141;231241;241184;246140
Holbæk;173376;179168;190300;192744;198256;203894;209670;214181;216163;224054;228459;235173;244503;259819;261090;270302;277125
Kalundborg;171220;177475;190203;196986;198716;204583;209249;212553;216601;219842;226215;233405;238590;249098;255186;269816;276413
Lolland;156874;161346;170370;171300;176552;181987;183208;187788;188268;191823;193820;199567;207041;219080;220682;228725;236852
Næstved;171176;176291;187290;189561;197331;201172;202727;208248;208052;214162;218719;223686;235772;246635;247269;256503;261897
Odsherred;166884;173496;181028;183328;190482;194887;199906;201470;204420;209609;216792;222180;230026;240038;242075;245915;253479
Ringsted;178779;180785;194889;196984;200771;203918;207852;210913;214494;221369;223227;230626;237449;248688;250772;259260;271512
Slagelse;169855;175221;184529;186595;190261;194486;198466;201001;204557;208999;214512;220694;228263;237483;243333;249098;257341
Sorø;175854;182072;195722;197399;203783;206908;210657;216750;216835;222405;229604;236789;244291;255939;257986;265788;277116
Stevns;184419;183147;197023;196475;200133;208792;215725;217576;221100;223716;230956;239156;247565;259242;259516;266149;274955
Vordingborg;164503;170018;181493;183507;188566;194954;201231;203097;202928;208015;213840;217702;234644;240713;252165;249590;259025
Assens;168044;173221;183330;186655;191504;195773;197738;201691;204869;209618;215414;221329;232172;238558;240464;249127;255394
Faaborg-Midtfyn;166426;172490;182015;186711;191619;195570;199492;202121;196551;207172;213551;219504;227359;236385;241865;250372;255550
Kerteminde;174603;177715;190370;195657;195465;200269;205410;207007;206167;213046;218492;226417;229236;239633;245537;255044;261713
Langeland;160127;164267;169529;170837;181887;181468;185152;186533;188360;189152;191926;197958;206002;215289;213024;227003;231267
Middelfart;175095;180610;192956;197110;203829;209893;216189;224059;223038;231514;235023;259127;272181;262384;275144;274985;281732
Nordfyns;164977;162014;176899;182534;189971;195448;197870;201183;203465;208166;214624;216569;224298;232263;240797;245601;250200
Nyborg;170028;176324;185446;185426;190435;198648;201134;202348;205249;209391;218714;220510;236382;239856;240723;251962;257921
Odense;161563;165689;174895;175150;178092;180589;183139;184817;187264;189449;193758;198207;207096;216831;219629;231790;242389
Svendborg;168626;171366;182649;186153;188614;192236;198074;203556;204232;207625;210773;223031;232934;246527;244505;254289;256601
Ærø;163453;165802;171023;168334;169744;175265;184937;185965;195375;194650;202530;204476;212611;221629;225860;223688;238029
Billund;176988;180448;192732;192874;200169;203139;208756;207630;211929;218485;224225;232052;235220;244762;251221;259187;272707
Esbjerg;171637;173449;183575;185333;190081;193604;198254;202325;203869;208687;214901;220164;227986;237682;242240;252291;265704
Fanø;197241;202278;212540;212736;223033;225219;223155;233038;235202;254031;255980;267118;271857;283755;282916;287905;296143
Fredericia;173494;177755;188309;187003;191531;192668;197095;202138;203384;208014;214474;220013;229047;239218;241567;250337;260199
Haderslev;167454;170258;178827;180662;185906;188586;192695;196617;198602;205769;208782;215006;225006;231682;235758;242539;249138
Kolding;171467;173465;187346;189467;193266;197087;200707;205646;206039;212073;218594;226637;238541;249421;246891;255800;264748
Sønderborg;166630;169642;179017;180885;184167;189243;193767;195702;199615;204179;208671;214619;223331;234841;235116;236448;246740
Tønder;162905;163272;175368;179722;181183;186458;189543;192737;194715;199453;206164;216345;217404;225580;234003;235282;240883
Varde;172075;178638;185908;190864;197211;201562;205903;206085;206538;214455;220859;225141;236717;246549;252042;252879;261015
Vejen;166319;168328;185705;183384;195834;203409;206197;213744;209980;221304;226156;226506;239229;251634;253706;621405;588598
Vejle;176108;179314;190935;193337;198736;203595;209745;215988;218317;224704;226777;234388;244740;258217;258070;272067;277395
Aabenraa;166869;168175;179511;180722;185263;188553;194499;196993;198703;204043;212245;213532;223894;233081;236656;242517;250370
Favrskov;181028;184156;197833;199640;209323;211539;216656;220080;221969;229738;236580;242768;251134;265694;265216;271865;278245
Hedensted;183246;185380;195321;194203;200178;206461;214195;217755;221399;225855;232911;238901;248502;257706;266865;269283;279231
Horsens;165680;170554;180900;183572;186771;193834;197222;200050;203100;209435;216138;222951;234924;241220;244512;250861;261358
Norddjurs;164947;165627;176226;179614;184507;186192;189388;190234;193173;198393;203743;208206;217218;223165;232326;238576;246430
Odder;182539;185257;198194;206722;212665;214253;220430;221394;227913;228196;237457;242431;253432;261096;261739;271144;278142
Randers;165438;167836;178681;181959;185232;188286;192051;196105;198563;202156;210050;217299;225180;230986;234967;242249;249064
Samsø;163002;174934;177838;190755;197271;200518;196255;209594;218086;208454;216553;217599;232560;245925;233730;262336;253786
Silkeborg;172018;174440;188903;192310;198380;202549;208664;213504;218113;226407;229111;238043;248758;256423;259940;267978;276283
Skanderborg;185777;189470;204084;209446;218124;222984;231033;238305;240024;241380;250264;259011;268104;281636;280583;289446;295859
Syddjurs;180060;179435;193999;197784;210903;231078;207056;221133;229356;227939;228057;238254;250376;265358;258024;261791;267778
Aarhus;161283;164925;175642;178539;179017;183158;188863;191311;194152;198440;204393;208597;216648;225991;226810;233827;245515
Herning;170602;171334;183641;195200;190583;191908;200751;204250;206279;213401;215979;224226;239788;244548;246795;253983;261852
Holstebro;170863;173661;184702;188496;193455;201308;200276;207006;206496;212347;214291;220505;233800;241726;243773;250610;256446
Ikast-Brande;172731;172379;183010;189306;193718;197444;203408;207044;211075;217080;216307;223166;240915;236632;239945;243442;251986
Lemvig;168776;168840;186697;190178;190400;195508;201275;210792;216925;208269;214457;223649;230926;239132;272458;246281;263999
Ringkøbing-Skjern;172910;174874;186655;191345;194869;197877;206015;207462;209210;214476;218823;225648;231976;243373;244627;252667;260479
Skive;165682;168988;179174;183036;188443;191651;191996;199640;201752;207699;211739;218687;231347;235993;243662;247450;251736
Struer;164859;171290;179132;183116;188976;191544;194514;200142;200649;204875;209540;215283;223660;231927;241539;246258;262196
Viborg;172092;175511;187606;189627;194402;199523;201928;205538;208620;212907;218990;226899;235112;244696;248850;253574;261999
Brønderslev;160081;165256;176630;183635;188080;190424;192298;196021;195554;202360;208777;215894;229479;233428;235893;241640;247457
Frederikshavn;165317;170238;181915;186912;193612;197018;200041;200806;202919;209182;211641;217783;225482;233331;239949;245103;250380
Hjørring;162888;166732;177428;184206;188673;194414;197934;199960;201464;212197;212753;216852;225168;236627;237692;246356;251069
Jammerbugt;164326;168886;179195;185704;190221;193219;195176;194372;201242;204903;208806;219719;224151;240409;239533;246107;256346
Læsø;150914;156587;174699;182463;183598;186866;195688;196373;199245;207944;213193;213750;216170;235546;234857;246404;245126
Mariagerfjord;163338;166320;179403;180317;187420;189086;194528;197313;201482;206523;212448;217049;229409;237050;240656;251483;254459
Morsø;159089;160689;170241;176537;181355;184583;188873;191225;194460;199936;205439;211477;218054;225255;235869;234570;241351
Rebild;169786;175984;186120;195881;199621;206889;210243;215367;215758;221774;230959;237270;252889;256249;263036;271598;283532
Thisted;160818;165063;176735;182190;186095;190107;193545;199733;202599;204923;208213;219186;228684;232352;233675;237929;247582
Vesthimmerlands;157852;164246;175581;178226;184282;187380;191018;195969;197995;203429;207895;214160;219621;235482;237927;244909;247906
Aalborg;160094;163356;173848;175968;177895;179749;182254;186684;187832;193242;198499;203226;209869;220920;221848;232550;244422